,X,SampleName,rt,Delta_value,Peak_Area,FA,AcquisitionDate,c11_0,c19_0,c22_1w9,molC_per_uL,molC,Dry_wt_Sample_in_grams,Enriched,Tissue_Type,Sample,Kin,Mycorrhizal,umols13C_per_drywt,umols12C_per_drywt,C13excess_umols_per_drywt,Taxonomy,
376,534,1_3_5_Dcf Sep 23_13.raw,592,-24.59597674,1991380.25,UF1,(09/25/13 19:58:00),5.18E-10,3.38E-10,4.08E-10,4.21E-10,1.05E-07,0.321,1,Dcoarse,1.3.5.0.0,0,0,0.002715797,0.247460814,8.51E-06,Unclassified,
381,539,1_4_1_Dcf Sep 23_13.raw,592,-27.8114172,1304240.5,UF1,(09/25/13 18:52:00),3.39E-10,2.22E-10,2.67E-10,2.76E-10,6.90E-08,0.41,1,Dcoarse,1.4.1.0.1,0,1,0.00097652,0.089328055,0,Unclassified,
393,551,3_3_1_Dcf Sep 23_13.raw,592,-27.29870618,1308287.5,UF1,(09/25/13 17:47:00),3.40E-10,2.22E-10,2.68E-10,2.77E-10,6.92E-08,0.338,1,Dcoarse,3.3.1.1.1,1,1,0.001371839,0.125407115,0,Unclassified,
442,602,1_4_1_Dcf Sep 23_13.raw,837.9,9.608541697,213107.75,UF2,(09/25/13 18:52:00),5.54E-11,3.62E-11,4.36E-11,4.51E-11,1.13E-08,0.41,1,Dcoarse,1.4.1.0.1,0,1,0.000308403,0.027183631,9.55E-06,Unclassified,
439,599,1_3_5_Dcf Sep 23_13.raw,838,-23.56421464,699313.5,UF2,(09/25/13 19:58:00),1.82E-10,1.19E-10,1.43E-10,1.48E-10,3.70E-08,0.321,1,Dcoarse,1.3.5.0.0,0,0,0.001250607,0.113977483,0,Unclassified,
447,607,3_3_1_Dcf Sep 23_13.raw,838,-3.719508143,300651,UF2,(09/25/13 17:47:00),7.82E-11,5.11E-11,6.16E-11,6.36E-11,1.59E-08,0.338,1,Dcoarse,3.3.1.1.1,1,1,0.000520885,0.046526711,9.45E-06,Unclassified,
20,20,1_3_5_Dcf Sep 23_13.raw,884.2,-30.54532426,1009981.5,c14:0,(09/25/13 19:58:00),2.63E-10,1.72E-10,2.07E-10,2.14E-10,5.34E-08,0.321,1,Dcoarse,1.3.5.0.0,0,0,0.001793411,0.164624424,0,Total Biomass,
23,23,1_4_1_Dcf Sep 23_13.raw,884.2,-8.635349638,624619.25,c14:0,(09/25/13 18:52:00),1.62E-10,1.06E-10,1.28E-10,1.32E-10,3.30E-08,0.41,1,Dcoarse,1.4.1.0.1,0,1,0.000887776,0.079691432,1.62E-05,Total Biomass,
31,31,3_3_1_Dcf Sep 23_13.raw,884.2,-27.72396247,823500.25,c14:0,(09/25/13 17:47:00),2.14E-10,1.40E-10,1.69E-10,1.74E-10,4.36E-08,0.338,1,Dcoarse,3.3.1.1.1,1,1,0.00139273,0.12747332,0,Total Biomass,
338,355,1_4_1_Dcf Sep 23_13.raw,965.4,-12.98670048,1659786.75,i15:0,(09/25/13 18:52:00),4.31E-10,2.82E-10,3.40E-10,3.51E-10,8.78E-08,0.41,1,Dcoarse,1.4.1.0.1,0,1,0.002348825,0.211772499,3.36E-05,Gram-positive Bacteria,
346,363,3_3_1_Dcf Sep 23_13.raw,965.7,-18.79387445,2578750,i15:0,(09/25/13 17:47:00),6.70E-10,4.38E-10,5.28E-10,5.46E-10,1.36E-07,0.338,1,Dcoarse,3.3.1.1.1,1,1,0.004400885,0.39913673,3.76E-05,Gram-positive Bacteria,
335,352,1_3_5_Dcf Sep 23_13.raw,965.9,-24.2096702,3475833,i15:0,(09/25/13 19:58:00),9.04E-10,5.91E-10,7.12E-10,7.35E-10,1.84E-07,0.321,1,Dcoarse,1.3.5.0.0,0,0,0.00621189,0.56651207,1.93E-05,Gram-positive Bacteria,
6,6,1_4_1_Dcf Sep 23_13.raw,975.9,7.980265533,705991.75,a15:0,(09/25/13 18:52:00),1.84E-10,1.20E-10,1.45E-10,1.49E-10,3.73E-08,0.41,1,Dcoarse,1.4.1.0.1,0,1,0.00102006,0.090056633,3.63E-05,Gram-positive Bacteria,
15,15,3_3_1_Dcf Sep 23_13.raw,976.1,-12.88281276,1210629.75,a15:0,(09/25/13 17:47:00),3.15E-10,2.06E-10,2.48E-10,2.56E-10,6.40E-08,0.338,1,Dcoarse,3.3.1.1.1,1,1,0.002078366,0.187367932,3.21E-05,Gram-positive Bacteria,
3,3,1_3_5_Dcf Sep 23_13.raw,976.2,-21.46593329,1760707,a15:0,(09/25/13 19:58:00),4.58E-10,2.99E-10,3.61E-10,3.73E-10,9.31E-08,0.321,1,Dcoarse,1.3.5.0.0,0,0,0.003155427,0.286961815,2.17E-05,Gram-positive Bacteria,
61,74,1_4_1_Dcf Sep 23_13.raw,1013,34.02634618,250794,c15:0,(09/25/13 18:52:00),6.52E-11,4.26E-11,5.14E-11,5.31E-11,1.33E-08,0.41,1,Dcoarse,1.4.1.0.1,0,1,0.000371618,0.031982142,2.23E-05,Total Biomass,
58,71,1_3_5_Dcf Sep 23_13.raw,1013.1,-13.53528236,442964,c15:0,(09/25/13 19:58:00),1.15E-10,7.53E-11,9.07E-11,9.37E-11,2.34E-08,0.321,1,Dcoarse,1.3.5.0.0,0,0,0.000800215,0.072188359,1.22E-05,Total Biomass,
69,82,3_3_1_Dcf Sep 23_13.raw,1013.1,-9.033464065,316028.25,c15:0,(09/25/13 17:47:00),8.22E-11,5.37E-11,6.47E-11,6.69E-11,1.67E-08,0.338,1,Dcoarse,3.3.1.1.1,1,1,0.000544639,0.048909278,1.07E-05,Total Biomass,
353,370,1_4_1_Dcf Sep 23_13.raw,1101.3,-1.261480764,466471.5,i16:0,(09/25/13 18:52:00),1.21E-10,7.93E-11,9.55E-11,9.87E-11,2.47E-08,0.41,1,Dcoarse,1.4.1.0.1,0,1,0.000667876,0.05950943,1.72E-05,Gram-positive Bacteria,
359,376,3_3_1_Dcf Sep 23_13.raw,1101.5,-13.81189275,712511.5,i16:0,(09/25/13 17:47:00),1.85E-10,1.21E-10,1.46E-10,1.51E-10,3.77E-08,0.338,1,Dcoarse,3.3.1.1.1,1,1,0.001222076,0.110275817,1.65E-05,Gram-positive Bacteria,
350,367,1_3_5_Dcf Sep 23_13.raw,1101.6,-22.81820421,976649.5,i16:0,(09/25/13 19:58:00),2.54E-10,1.66E-10,2.00E-10,2.07E-10,5.17E-08,0.321,1,Dcoarse,1.3.5.0.0,0,0,0.001747897,0.15917772,7.85E-06,Gram-positive Bacteria,
105,119,1_4_1_Dcf Sep 23_13.raw,1126.2,22.76590714,1113089.75,c16:1w9,(09/25/13 18:52:00),2.89E-10,1.89E-10,2.28E-10,2.35E-10,5.89E-08,0.41,1,Dcoarse,1.4.1.0.1,0,1,0.001631583,0.141962918,7.04E-05,Gram-negative Bacteria,
114,128,3_3_1_Dcf Sep 23_13.raw,1126.4,3.655589905,1574714.5,c16:1w9,(09/25/13 17:47:00),4.09E-10,2.68E-10,3.22E-10,3.33E-10,8.33E-08,0.338,1,Dcoarse,3.3.1.1.1,1,1,0.002748203,0.243672169,6.91E-05,Gram-negative Bacteria,
102,116,1_3_5_Dcf Sep 23_13.raw,1126.6,-20.54061345,2398446.5,c16:1w9,(09/25/13 19:58:00),6.24E-10,4.08E-10,4.91E-10,5.07E-10,1.27E-07,0.321,1,Dcoarse,1.3.5.0.0,0,0,0.004302364,0.390897227,5.79E-06,Gram-negative Bacteria,
453,613,1_4_1_Dcf Sep 23_13.raw,1140.9,-5.830303672,1782301.5,UF3,(09/25/13 18:52:00),4.63E-10,3.03E-10,3.65E-10,3.77E-10,9.43E-08,0.41,1,Dcoarse,1.4.1.0.1,0,1,0.002540286,0.227386093,5.16E-05,Unclassified,
460,620,3_3_1_Dcf Sep 23_13.raw,1141.2,-17.94239306,2618463.25,UF3,(09/25/13 17:47:00),6.81E-10,4.45E-10,5.36E-10,5.54E-10,1.38E-07,0.338,1,Dcoarse,3.3.1.1.1,1,1,0.004472495,0.405279678,3.73E-05,Unclassified,
450,610,1_3_5_Dcf Sep 23_13.raw,1141.3,-23.64614723,3032021,UF3,(09/25/13 19:58:00),7.88E-10,5.15E-10,6.21E-10,6.41E-10,1.60E-07,0.321,1,Dcoarse,1.3.5.0.0,0,0,0.00542182,0.494173838,1.42E-05,Unclassified,
78,91,1_4_1_Dcf Sep 23_13.raw,1159.1,63.59431435,4831794,c16:0,(09/25/13 18:52:00),1.26E-09,8.21E-10,9.89E-10,1.02E-09,2.56E-07,0.41,1,Dcoarse,1.4.1.0.1,0,1,0.007136759,0.604640632,0.000454355,Total Biomass,
92,105,3_3_1_Dcf Sep 23_13.raw,1159.4,11.35139058,5452510.5,c16:0,(09/25/13 17:47:00),1.42E-09,9.27E-10,1.12E-09,1.15E-09,2.88E-07,0.338,1,Dcoarse,3.3.1.1.1,1,1,0.009362756,0.832327664,0.000169027,Total Biomass,
73,86,1_3_5_Dcf Sep 23_13.raw,1160.2,-4.585896506,8523208,c16:0,(09/25/13 19:58:00),2.22E-09,1.45E-09,1.75E-09,1.80E-09,4.51E-07,0.321,1,Dcoarse,1.3.5.0.0,0,0,0.015310184,1.377535917,9.62E-05,Total Biomass,
468,628,3_3_1_Dcf Sep 23_13.raw,1213.9,145.4084439,322249.75,UF5,(09/25/13 17:47:00),8.38E-11,5.48E-11,6.60E-11,6.82E-11,1.70E-08,0.338,1,Dcoarse,3.3.1.1.1,1,1,0.000640813,0.049786679,7.75E-05,Unclassified,
473,633,1_4_1_Dcf Sep 23_13.raw,1222.8,-15.30798616,391835.25,UF6,(09/25/13 18:52:00),1.02E-10,6.66E-11,8.02E-11,8.29E-11,2.07E-08,0.41,1,Dcoarse,1.4.1.0.1,0,1,0.000553211,0.049995622,6.63E-06,Unclassified,
483,643,3_3_1_Dcf Sep 23_13.raw,1223,-13.64229736,641154.75,UF6,(09/25/13 17:47:00),1.67E-10,1.09E-10,1.31E-10,1.36E-10,3.39E-08,0.338,1,Dcoarse,3.3.1.1.1,1,1,0.001099874,0.099231705,1.50E-05,Unclassified,
470,630,1_3_5_Dcf Sep 23_13.raw,1223.1,-26.02467417,670275.5,UF6,(09/25/13 19:58:00),1.74E-10,1.14E-10,1.37E-10,1.42E-10,3.55E-08,0.321,1,Dcoarse,1.3.5.0.0,0,0,0.00119569,0.109247718,1.48E-06,Unclassified,
493,653,1_4_1_Dcf Sep 23_13.raw,1231,-18.69987296,461306.5,UF7,(09/25/13 18:52:00),1.20E-10,7.84E-11,9.45E-11,9.76E-11,2.44E-08,0.41,1,Dcoarse,1.4.1.0.1,0,1,0.000649074,0.058861919,4.16E-06,Unclassified,
490,650,1_3_5_Dcf Sep 23_13.raw,1231.3,-31.15634269,634653.5,UF7,(09/25/13 19:58:00),1.65E-10,1.08E-10,1.30E-10,1.34E-10,3.36E-08,0.321,1,Dcoarse,1.3.5.0.0,0,0,0.001126243,0.103447614,0,Unclassified,
499,659,3_3_1_Dcf Sep 23_13.raw,1231.3,-18.64620477,981988.75,UF7,(09/25/13 17:47:00),2.55E-10,1.67E-10,2.01E-10,2.08E-10,5.19E-08,0.338,1,Dcoarse,3.3.1.1.1,1,1,0.001676108,0.151991133,1.08E-05,Unclassified,
366,383,1_4_1_Dcf Sep 23_13.raw,1265.7,-12.04178639,494014,i17:0,(09/25/13 18:52:00),1.28E-10,8.40E-11,1.01E-10,1.05E-10,2.61E-08,0.41,1,Dcoarse,1.4.1.0.1,0,1,0.000699759,0.063030676,7.57E-06,Gram-positive Bacteria,
372,389,3_3_1_Dcf Sep 23_13.raw,1266.1,-19.02942914,899451.25,i17:0,(09/25/13 17:47:00),2.34E-10,1.53E-10,1.84E-10,1.90E-10,4.76E-08,0.338,1,Dcoarse,3.3.1.1.1,1,1,0.001534636,0.139216663,5.92E-06,Gram-positive Bacteria,
363,380,1_3_5_Dcf Sep 23_13.raw,1266.2,-22.01890249,976386.5,i17:0,(09/25/13 19:58:00),2.54E-10,1.66E-10,2.00E-10,2.07E-10,5.16E-08,0.321,1,Dcoarse,1.3.5.0.0,0,0,0.00174884,0.159133442,1.47E-06,Gram-positive Bacteria,
508,668,1_4_1_Dcf Sep 23_13.raw,1281.4,-6.647029972,484401,UF8,(09/25/13 18:52:00),1.26E-10,8.23E-11,9.92E-11,1.02E-10,2.56E-08,0.41,1,Dcoarse,1.4.1.0.1,0,1,0.000689848,0.061800459,1.31E-05,Unclassified,
519,679,3_3_1_Dcf Sep 23_13.raw,1281.7,-20.85598426,568592.75,UF8,(09/25/13 17:47:00),1.48E-10,9.66E-11,1.16E-10,1.20E-10,3.01E-08,0.338,1,Dcoarse,3.3.1.1.1,1,1,0.000968341,0.088008319,4.80E-06,Unclassified,
503,663,1_3_5_Dcf Sep 23_13.raw,1281.9,-20.05221171,1007110.25,UF8,(09/25/13 19:58:00),2.62E-10,1.71E-10,2.06E-10,2.13E-10,5.33E-08,0.321,1,Dcoarse,1.3.5.0.0,0,0,0.001807458,0.164137272,1.04E-05,Unclassified,
321,338,1_4_1_Dcf Sep 23_13.raw,1307.9,17.06736606,653533.75,cyc17:0,(09/25/13 18:52:00),1.70E-10,1.11E-10,1.34E-10,1.38E-10,3.46E-08,0.41,1,Dcoarse,1.4.1.0.1,0,1,0.000952682,0.083356649,2.75E-05,Gram-negative Bacteria,
330,347,3_3_1_Dcf Sep 23_13.raw,1308,-4.005746734,983665.75,cyc17:0,(09/25/13 17:47:00),2.56E-10,1.67E-10,2.01E-10,2.08E-10,5.20E-08,0.338,1,Dcoarse,3.3.1.1.1,1,1,0.001703741,0.152225927,1.45E-05,Gram-negative Bacteria,
318,335,1_3_5_Dcf Sep 23_13.raw,1308.1,-19.31982947,1112282.25,cyc17:0,(09/25/13 19:58:00),2.89E-10,1.89E-10,2.28E-10,2.35E-10,5.88E-08,0.321,1,Dcoarse,1.3.5.0.0,0,0,0.001997686,0.181276567,0,Gram-negative Bacteria,
121,135,3_3_1_Dcf Sep 23_13.raw,1334.8,-13.88866396,315648.5,c17:0,(09/25/13 17:47:00),8.21E-11,5.37E-11,6.46E-11,6.68E-11,1.67E-08,0.338,1,Dcoarse,3.3.1.1.1,1,1,0.000541348,0.048853143,7.07E-06,Total Biomass,
213,228,3_3_1_Dcf Sep 23_13.raw,1476,145.2445426,2072862,c18:2w6,(09/25/13 17:47:00),5.39E-10,3.52E-10,4.24E-10,4.39E-10,1.10E-07,0.338,1,Dcoarse,3.3.1.1.1,1,1,0.004121432,0.320251923,0.000626695,Fungi,
199,214,1_4_1_Dcf Sep 23_13.raw,1477.1,421.6164871,5411979,c18:2w6,(09/25/13 18:52:00),1.41E-09,9.20E-10,1.11E-09,1.15E-09,2.86E-07,0.41,1,Dcoarse,1.4.1.0.1,0,1,0.010977951,0.687196141,0.003455956,Fungi,
194,209,1_3_5_Dcf Sep 23_13.raw,1479.6,70.90050276,11842470,c18:2w6,(09/25/13 19:58:00),3.08E-09,2.01E-09,2.42E-09,2.51E-09,6.26E-07,0.321,1,Dcoarse,1.3.5.0.0,0,0,0.023202827,1.928118286,0.002179666,Fungi,
170,185,1_4_1_Dcf Sep 23_13.raw,1490,46.54489483,2004923.75,c18:1w9,(09/25/13 18:52:00),5.21E-10,3.41E-10,4.11E-10,4.24E-10,1.06E-07,0.41,1,Dcoarse,1.4.1.0.1,0,1,0.00300638,0.255639453,0.000213356,Fungi,
184,199,3_3_1_Dcf Sep 23_13.raw,1490,6.51339286,1985527.75,c18:1w9,(09/25/13 17:47:00),5.16E-10,3.37E-10,4.07E-10,4.20E-10,1.05E-07,0.338,1,Dcoarse,3.3.1.1.1,1,1,0.003474913,0.307231877,0.000119702,Fungi,
165,180,1_3_5_Dcf Sep 23_13.raw,1491.7,-7.176316635,4609483,c18:1w9,(09/25/13 19:58:00),1.20E-09,7.83E-10,9.44E-10,9.75E-10,2.44E-07,0.321,1,Dcoarse,1.3.5.0.0,0,0,0.008380125,0.751138919,0.000178351,Fungi,
149,164,1_4_1_Dcf Sep 23_13.raw,1502.7,29.59132719,2207179,c18:1w7,(09/25/13 18:52:00),5.74E-10,3.75E-10,4.52E-10,4.67E-10,1.17E-07,0.41,1,Dcoarse,1.4.1.0.1,0,1,0.003256659,0.281481178,0.000168411,Gram-negative Bacteria,
159,174,3_3_1_Dcf Sep 23_13.raw,1503,-7.307654573,2730331,c18:1w7,(09/25/13 17:47:00),7.10E-10,4.64E-10,5.59E-10,5.78E-10,1.44E-07,0.338,1,Dcoarse,3.3.1.1.1,1,1,0.004713517,0.422544364,7.95E-05,Gram-negative Bacteria,
146,161,1_3_5_Dcf Sep 23_13.raw,1504,-16.70129239,3792431.75,c18:1w7,(09/25/13 19:58:00),9.86E-10,6.45E-10,7.77E-10,8.02E-10,2.01E-07,0.321,1,Dcoarse,1.3.5.0.0,0,0,0.006829287,0.618061647,5.18E-05,Gram-negative Bacteria,
131,145,1_4_1_Dcf Sep 23_13.raw,1549.6,9.327179321,950896.5,c18:0,(09/25/13 18:52:00),2.47E-10,1.62E-10,1.95E-10,2.01E-10,5.03E-08,0.41,1,Dcoarse,1.4.1.0.1,0,1,0.001295481,0.114767712,3.97E-05,Total Biomass,
140,154,3_3_1_Dcf Sep 23_13.raw,1549.7,-12.11050701,1158076.5,c18:0,(09/25/13 17:47:00),3.01E-10,1.97E-10,2.37E-10,2.45E-10,6.13E-08,0.338,1,Dcoarse,3.3.1.1.1,1,1,0.001909435,0.172705513,2.01E-05,Total Biomass,
128,142,1_3_5_Dcf Sep 23_13.raw,1550.1,-13.31892253,1455744,c18:0,(09/25/13 19:58:00),3.78E-10,2.47E-10,2.98E-10,3.08E-10,7.70E-08,0.321,1,Dcoarse,1.3.5.0.0,0,0,0.002550127,0.230709885,2.63E-05,Total Biomass,
528,688,3_3_1_Dcf Sep 23_13.raw,1632.2,16.62074811,510373.5,UF9,(09/25/13 17:47:00),1.33E-10,8.68E-11,1.05E-10,1.08E-10,2.70E-08,0.338,1,Dcoarse,3.3.1.1.1,1,1,0.000902083,0.078964094,3.82E-05,Unclassified,
404,563,1_4_1_Dcf Sep 23_13.raw,1772.6,-13.32944053,1926556.5,UF10,(09/25/13 18:52:00),5.01E-10,3.27E-10,3.94E-10,4.08E-10,1.02E-07,0.41,1,Dcoarse,1.4.1.0.1,0,1,0.002725404,0.245810637,4.23E-05,Unclassified,
411,570,3_3_1_Dcf Sep 23_13.raw,1773.3,-25.0831431,2434253,UF10,(09/25/13 17:47:00),6.33E-10,4.14E-10,4.98E-10,5.15E-10,1.29E-07,0.338,1,Dcoarse,3.3.1.1.1,1,1,0.004127948,0.376797947,1.56E-05,Unclassified,
401,560,1_3_5_Dcf Sep 23_13.raw,1773.6,-27.92285306,2932648,UF10,(09/25/13 19:58:00),7.62E-10,4.98E-10,6.00E-10,6.20E-10,1.55E-07,0.321,1,Dcoarse,1.3.5.0.0,0,0,0.0052214,0.478000256,4.69E-06,Unclassified,
260,275,1_4_1_Dcf Sep 23_13.raw,1905.7,-15.8042986,962666,c20:4w6,(09/25/13 18:52:00),2.50E-10,1.64E-10,1.97E-10,2.04E-10,5.09E-08,0.41,1,Dcoarse,1.4.1.0.1,0,1,0.001358458,0.122830579,2.53E-05,General Eukaryotes,
257,272,1_3_5_Dcf Sep 23_13.raw,1906.4,-25.20968753,1852772.5,c20:4w6,(09/25/13 19:58:00),4.82E-10,3.15E-10,3.79E-10,3.92E-10,9.80E-08,0.321,1,Dcoarse,1.3.5.0.0,0,0,0.003307855,0.30197931,3.06E-05,General Eukaryotes,
265,280,3_3_1_Dcf Sep 23_13.raw,1906.6,-22.48595276,1429288,c20:4w6,(09/25/13 17:47:00),3.72E-10,2.43E-10,2.93E-10,3.02E-10,7.56E-08,0.338,1,Dcoarse,3.3.1.1.1,1,1,0.002430139,0.221233059,2.91E-05,General Eukaryotes,
231,246,1_4_1_Dcf Sep 23_13.raw,2101.1,-33.39236008,695609.5,c20:0,(09/25/13 18:52:00),1.81E-10,1.18E-10,1.42E-10,1.47E-10,3.68E-08,0.41,1,Dcoarse,1.4.1.0.1,0,1,0.00096425,0.088773077,0,Plant,
239,254,3_3_1_Dcf Sep 23_13.raw,2101.2,-22.534958,846868,c20:0,(09/25/13 17:47:00),2.20E-10,1.44E-10,1.73E-10,1.79E-10,4.48E-08,0.338,1,Dcoarse,3.3.1.1.1,1,1,0.001439811,0.131082959,3.19E-06,Plant,
228,243,1_3_5_Dcf Sep 23_13.raw,2101.5,-26.3381542,1057877.5,c20:0,(09/25/13 19:58:00),2.75E-10,1.80E-10,2.17E-10,2.24E-10,5.60E-08,0.321,1,Dcoarse,1.3.5.0.0,0,0,0.001886523,0.172423287,0,Plant,
276,291,1_4_1_Dcf Sep 23_13.raw,2441,-29.4621542,1133825,c22:0,(09/25/13 18:52:00),2.95E-10,1.93E-10,2.32E-10,2.40E-10,6.00E-08,0.41,1,Dcoarse,1.4.1.0.1,0,1,0.001578023,0.144691436,0,Plant,
286,301,3_3_1_Dcf Sep 23_13.raw,2441.1,-25.71235373,1162542,c22:0,(09/25/13 17:47:00),3.02E-10,1.98E-10,2.38E-10,2.46E-10,6.15E-08,0.338,1,Dcoarse,3.3.1.1.1,1,1,0.001970152,0.179951099,0,Plant,
272,287,1_3_5_Dcf Sep 23_13.raw,2441.4,-29.35007895,1483721,c22:0,(09/25/13 19:58:00),3.86E-10,2.52E-10,3.04E-10,3.14E-10,7.85E-08,0.321,1,Dcoarse,1.3.5.0.0,0,0,0.002637838,0.241839549,0,Plant,
416,575,1_4_1_Dcf Sep 23_13.raw,2461.4,-29.9663158,203496.5,UF11,(09/25/13 18:52:00),5.29E-11,3.46E-11,4.17E-11,4.31E-11,1.08E-08,0.41,1,Dcoarse,1.4.1.0.1,0,1,0.000160189,0.014637942,4.66E-07,Unclassified,
303,319,1_4_1_Dcf Sep 23_13.raw,2565.6,-51.28382659,285147.75,c23:0,(09/25/13 18:52:00),7.41E-11,4.85E-11,5.84E-11,6.03E-11,1.51E-08,0.41,1,Dcoarse,1.4.1.0.1,0,1,0.000388031,0.036397546,0,Plant,
308,324,3_3_1_Dcf Sep 23_13.raw,2565.7,-34.4599552,298605.5,c23:0,(09/25/13 17:47:00),7.76E-11,5.08E-11,6.11E-11,6.32E-11,1.58E-08,0.338,1,Dcoarse,3.3.1.1.1,1,1,0.00050155,0.046225954,0,Plant,
301,317,1_3_5_Dcf Sep 23_13.raw,2565.8,-36.21781076,441394,c23:0,(09/25/13 19:58:00),1.15E-10,7.50E-11,9.04E-11,9.34E-11,2.33E-08,0.321,1,Dcoarse,1.3.5.0.0,0,0,0.000779241,0.07195064,0,Plant,
430,590,1_4_1_Dcf Sep 23_13.raw,2598.2,-62.52188328,300646.25,UF12,(09/25/13 18:52:00),7.82E-11,5.11E-11,6.16E-11,6.36E-11,1.59E-08,0.41,1,Dcoarse,1.4.1.0.1,0,1,0.000404326,0.03838064,0,Unclassified,
435,595,3_3_1_Dcf Sep 23_13.raw,2598.2,-55.14607198,258490.25,UF12,(09/25/13 17:47:00),6.72E-11,4.39E-11,5.29E-11,5.47E-11,1.37E-08,0.338,1,Dcoarse,3.3.1.1.1,1,1,0.000424967,0.040025073,0,Unclassified,
428,588,1_3_5_Dcf Sep 23_13.raw,2598.4,-50.22308931,397303,UF12,(09/25/13 19:58:00),1.03E-10,6.75E-11,8.14E-11,8.41E-11,2.10E-08,0.321,1,Dcoarse,1.3.5.0.0,0,0,0.000691317,0.06477355,0,Unclassified,
39,39,1_4_1_Dcf Sep 23_13.raw,2674.1,-21.38689008,835012.5,c24:0,(09/25/13 18:52:00),2.17E-10,1.42E-10,1.71E-10,1.77E-10,4.42E-08,0.41,1,Dcoarse,1.4.1.0.1,0,1,0.001171709,0.106549347,0,Plant,
50,50,3_3_1_Dcf Sep 23_13.raw,2674.2,-28.09165949,817834.5,c24:0,(09/25/13 17:47:00),2.13E-10,1.39E-10,1.67E-10,1.73E-10,4.33E-08,0.338,1,Dcoarse,3.3.1.1.1,1,1,0.001382631,0.126596811,0,Plant,
35,35,1_3_5_Dcf Sep 23_13.raw,2674.5,-26.16240072,1205587.75,c24:0,(09/25/13 19:58:00),3.13E-10,2.05E-10,2.47E-10,2.55E-10,6.38E-08,0.321,1,Dcoarse,1.3.5.0.0,0,0,0.00215032,0.196498174,0,Plant,
377,535,1_3_5_Decm Sep 30_13.raw,591.9,-27.57739921,1528402.5,UF1,(10/01/13 00:09:00),3.97E-10,2.60E-10,3.13E-10,3.23E-10,8.08E-08,0.0104,1,Decm,1.3.5.0.0,0,0,0.083179508,7.612000241,0,Unclassified,
382,540,1_4_1_Decm Sep 30_13.raw,592,-29.59913102,1119949.25,UF1,(09/30/13 22:43:00),2.91E-10,1.90E-10,2.29E-10,2.37E-10,5.92E-08,0.0108,1,Decm,1.4.1.0.1,0,1,0.058323307,5.348593918,0,Unclassified,
394,552,3_3_1_Decm Sep 30_13.raw,592,-38.97363847,353571,UF1,(09/30/13 21:18:00),9.19E-11,6.01E-11,7.24E-11,7.48E-11,1.87E-08,0.001,1,Decm,3.3.1.1.1,1,1,0.198958787,18.42423347,0,Unclassified,
93,106,3_3_1_Decm Sep 30_13.raw,1157.2,1139.896107,822867.5,c16:0,(09/30/13 21:18:00),2.14E-10,1.40E-10,1.68E-10,1.74E-10,4.35E-08,0.001,1,Decm,3.3.1.1.1,1,1,1.02177872,42.48992902,0.546503199,Total Biomass,
79,92,1_4_1_Decm Sep 30_13.raw,1158.2,1655.6226,4834047.5,c16:0,(09/30/13 22:43:00),1.26E-09,8.22E-10,9.90E-10,1.02E-09,2.56E-07,0.0108,1,Decm,1.4.1.0.1,0,1,0.685788267,22.97704344,0.427320713,Total Biomass,
74,87,1_3_5_Decm Sep 30_13.raw,1158.7,3668.437411,6942782,c16:0,(10/01/13 00:09:00),1.80E-09,1.18E-09,1.42E-09,1.47E-09,3.67E-07,0.0104,1,Decm,1.3.5.0.0,0,0,1.759786965,33.53817179,1.374229683,Total Biomass,
520,680,3_3_1_Decm Sep 30_13.raw,1280,932.1413057,193303.5,UF8,(09/30/13 21:18:00),5.03E-11,3.29E-11,3.96E-11,4.09E-11,1.02E-08,0.001,1,Decm,3.3.1.1.1,1,1,0.217269999,10.00697388,0.106550727,Unclassified,
509,669,1_4_1_Decm Sep 30_13.raw,1280.3,1178.836379,1200220.5,UF8,(09/30/13 22:43:00),3.12E-10,2.04E-10,2.46E-10,2.54E-10,6.35E-08,0.0108,1,Decm,1.4.1.0.1,0,1,0.14047735,5.737511631,0.07682407,Unclassified,
504,664,1_3_5_Decm Sep 30_13.raw,1280.5,2592.305392,1640465,UF8,(10/01/13 00:09:00),4.26E-10,2.79E-10,3.36E-10,3.47E-10,8.68E-08,0.0104,1,Decm,1.3.5.0.0,0,0,0.323720137,8.019334976,0.23337243,Unclassified,
331,348,3_3_1_Decm Sep 30_13.raw,1308,181.7074471,237543.5,cyc17:0,(09/30/13 21:18:00),6.18E-11,4.04E-11,4.86E-11,5.03E-11,1.26E-08,0.001,1,Decm,3.3.1.1.1,1,1,0.164654513,12.3995395,0.026774614,Gram-negative Bacteria,
122,136,3_3_1_Decm Sep 30_13.raw,1332,36.58480589,118360,c17:0,(09/30/13 21:18:00),3.08E-11,2.01E-11,2.42E-11,2.50E-11,6.26E-09,0.001,1,Decm,3.3.1.1.1,1,1,0.072082498,6.188236152,0.004367172,Total Biomass,
223,238,1_3_5_Decm Sep 30_13.raw,1435.5,2543.691606,929458.75,c18:3w6,(10/01/13 00:09:00),2.42E-10,1.58E-10,1.90E-10,1.97E-10,4.92E-08,0.0104,1,Decm,1.3.5.0.0,0,0,0.181027118,4.54600185,0.129896764,Fungi,
214,229,3_3_1_Decm Sep 30_13.raw,1474.6,1055.241186,2538642,c18:2w6,(09/30/13 21:18:00),6.60E-10,4.32E-10,5.20E-10,5.37E-10,1.34E-07,0.001,1,Decm,3.3.1.1.1,1,1,3.031082939,131.2432315,1.584437094,Fungi,
200,215,1_4_1_Decm Sep 30_13.raw,1480,1189.206697,18207362,c18:2w6,(09/30/13 22:43:00),4.73E-09,3.09E-09,3.73E-09,3.85E-09,9.63E-07,0.0108,1,Decm,1.4.1.0.1,0,1,2.140942713,87.02823347,1.180251022,Fungi,
195,210,1_3_5_Decm Sep 30_13.raw,1482.3,2722.840017,27729394,c18:2w6,(10/01/13 00:09:00),7.21E-09,4.71E-09,5.68E-09,5.87E-09,1.47E-06,0.0104,1,Decm,1.3.5.0.0,0,0,5.662814763,135.362969,4.143429875,Fungi,
185,200,3_3_1_Decm Sep 30_13.raw,1487.9,1158.237029,627183,c18:1w9,(09/30/13 21:18:00),1.63E-10,1.07E-10,1.28E-10,1.33E-10,3.32E-08,0.001,1,Decm,3.3.1.1.1,1,1,0.7854815,32.38759582,0.427257324,Fungi,
171,186,1_4_1_Decm Sep 30_13.raw,1490.8,1414.465132,4713404,c18:1w9,(09/30/13 22:43:00),1.23E-09,8.01E-10,9.65E-10,9.97E-10,2.49E-07,0.0108,1,Decm,1.4.1.0.1,0,1,0.609754838,22.47378421,0.360483971,Fungi,
166,181,1_3_5_Decm Sep 30_13.raw,1492.4,3679.670266,6741063,c18:1w9,(10/01/13 00:09:00),1.75E-09,1.15E-09,1.38E-09,1.43E-09,3.57E-07,0.0104,1,Decm,1.3.5.0.0,0,0,1.712782207,32.57082648,1.3425658,Fungi,
141,155,3_3_1_Decm Sep 30_13.raw,1547.7,286.33019,145708.5,c18:0,(09/30/13 21:18:00),3.79E-11,2.48E-11,2.98E-11,3.08E-11,7.71E-09,0.001,1,Decm,3.3.1.1.1,1,1,0.10973288,7.59050009,0.026417807,Total Biomass,
251,266,3_3_1_Decm Sep 30_13.raw,1948.7,601.7228286,194640,c20:3w3,(09/30/13 21:18:00),5.06E-11,3.31E-11,3.99E-11,4.12E-11,1.03E-08,0.001,1,Decm,3.3.1.1.1,1,1,0.182021108,10.11291318,0.070889895,General Eukaryotes,
246,261,1_4_1_Decm Sep 30_13.raw,1949.1,526.5287344,1084004,c20:3w3,(09/30/13 22:43:00),2.82E-10,1.84E-10,2.22E-10,2.29E-10,5.73E-08,0.0108,1,Decm,1.4.1.0.1,0,1,0.08953133,5.219296147,0.032223879,General Eukaryotes,
243,258,1_3_5_Decm Sep 30_13.raw,1949.5,1368.082571,1922143.5,c20:3w3,(10/01/13 00:09:00),5.00E-10,3.27E-10,3.94E-10,4.07E-10,1.02E-07,0.0104,1,Decm,1.3.5.0.0,0,0,0.253392147,9.522219741,0.147866888,General Eukaryotes,
297,312,3_3_1_Decm Sep 30_13.raw,2398.4,6.016861778,111016,c22:2,(09/30/13 21:18:00),2.89E-11,1.89E-11,2.27E-11,2.35E-11,5.87E-09,0.001,1,Decm,3.3.1.1.1,1,1,0.065564219,5.799343401,0.003453462,General Eukaryotes,
287,302,3_3_1_Decm Sep 30_13.raw,2439.9,215.9562118,149556,c22:0,(09/30/13 21:18:00),3.89E-11,2.54E-11,3.06E-11,3.16E-11,7.91E-09,0.001,1,Decm,3.3.1.1.1,1,1,0.1066295,7.803713656,0.018774629,Plant,
422,581,3_3_1_Decm Sep 30_13.raw,2460.6,-42.90716934,220651,UF11,(09/30/13 21:18:00),5.74E-11,3.75E-11,4.52E-11,4.67E-11,1.17E-08,0.001,1,Decm,3.3.1.1.1,1,1,0.124060541,11.53519829,0,Unclassified,
51,51,3_3_1_Decm Sep 30_13.raw,2673.7,501.0049796,108338.75,c24:0,(09/30/13 21:18:00),2.82E-11,1.84E-11,2.22E-11,2.29E-11,5.73E-09,0.001,1,Decm,3.3.1.1.1,1,1,0.095049832,5.63522304,0.031489323,Plant,
395,553,3_3_1_Dfine Sep 23_13.raw,592,-27.25181754,1405754.25,UF1,(09/25/13 21:03:00),3.65E-10,2.39E-10,2.88E-10,2.97E-10,7.44E-08,0.258,1,Dfine,3.3.1.1.1,1,1,0.002274413,0.207967707,0,Unclassified,
378,536,1_3_5_Dfine Sep 30_13.raw,592.2,-26.50036486,1529694.25,UF1,(09/30/13 15:34:00),3.98E-10,2.60E-10,3.13E-10,3.24E-10,8.09E-08,0.45,1,Dfine,1.3.5.0.0,0,0,0.001103858,0.100744233,1.71E-06,Unclassified,
383,541,1_4_1_Dfine Sep 30_13.raw,592.3,-30.68906173,1321291,UF1,(09/30/13 14:08:00),3.43E-10,2.25E-10,2.71E-10,2.80E-10,6.99E-08,0.408,1,Dfine,1.4.1.0.1,0,1,0.0010039,0.092335837,0,Unclassified,
440,600,1_3_5_Dfine Sep 30_13.raw,837.7,4.95674159,361768.75,UF2,(09/30/13 15:34:00),9.40E-11,6.15E-11,7.41E-11,7.65E-11,1.91E-08,0.45,1,Dfine,1.3.5.0.0,0,0,0.00047483,0.042046811,1.26E-05,Unclassified,
448,608,3_3_1_Dfine Sep 23_13.raw,838,30.05717586,217955.75,UF2,(09/25/13 21:03:00),5.67E-11,3.70E-11,4.46E-11,4.61E-11,1.15E-08,0.258,1,Dfine,3.3.1.1.1,1,1,0.000511283,0.044171489,2.56E-05,Unclassified,
21,21,1_3_5_Dfine Sep 30_13.raw,884,25.06239549,851795.25,c14:0,(09/30/13 15:34:00),2.21E-10,1.45E-10,1.74E-10,1.80E-10,4.51E-08,0.45,1,Dfine,1.3.5.0.0,0,0,0.001140115,0.09897835,5.72E-05,Total Biomass,
24,24,1_4_1_Dfine Sep 30_13.raw,884.3,31.11018539,865757.5,c14:0,(09/30/13 14:08:00),2.25E-10,1.47E-10,1.77E-10,1.83E-10,4.58E-08,0.408,1,Dfine,1.4.1.0.1,0,1,0.001285546,0.110949266,7.15E-05,Total Biomass,
32,32,3_3_1_Dfine Sep 23_13.raw,884.3,-15.86204074,726088,c14:0,(09/25/13 21:03:00),1.89E-10,1.23E-10,1.49E-10,1.54E-10,3.84E-08,0.258,1,Dfine,3.3.1.1.1,1,1,0.001628166,0.147226015,1.81E-05,Total Biomass,
336,353,1_3_5_Dfine Sep 30_13.raw,965.5,-12.39175337,3205155.75,i15:0,(09/30/13 15:34:00),8.33E-10,5.45E-10,6.56E-10,6.78E-10,1.70E-07,0.45,1,Dfine,1.3.5.0.0,0,0,0.004135021,0.372593159,6.16E-05,Gram-positive Bacteria,
347,364,3_3_1_Dfine Sep 23_13.raw,965.6,-4.307984735,2115381,i15:0,(09/25/13 21:03:00),5.50E-10,3.60E-10,4.33E-10,4.48E-10,1.12E-07,0.258,1,Dfine,3.3.1.1.1,1,1,0.004798564,0.428872431,0.000109452,Gram-positive Bacteria,
339,356,1_4_1_Dfine Sep 30_13.raw,965.7,-8.95789951,2356305,i15:0,(09/30/13 14:08:00),6.13E-10,4.01E-10,4.82E-10,4.99E-10,1.25E-07,0.408,1,Dfine,1.4.1.0.1,0,1,0.003364366,0.302101596,6.15E-05,Gram-positive Bacteria,
4,4,1_3_5_Dfine Sep 30_13.raw,975.9,29.55927066,1626907,a15:0,(09/30/13 15:34:00),4.23E-10,2.77E-10,3.33E-10,3.44E-10,8.61E-08,0.45,1,Dfine,1.3.5.0.0,0,0,0.002187034,0.189036657,0.000121541,Gram-positive Bacteria,
7,7,1_4_1_Dfine Sep 30_13.raw,976.1,28.70920099,1157132,a15:0,(09/30/13 14:08:00),3.01E-10,1.97E-10,2.37E-10,2.45E-10,6.12E-08,0.408,1,Dfine,1.4.1.0.1,0,1,0.001714247,0.148293685,9.39E-05,Gram-positive Bacteria,
16,16,3_3_1_Dfine Sep 23_13.raw,976.1,31.72173765,1100849,a15:0,(09/25/13 21:03:00),2.86E-10,1.87E-10,2.25E-10,2.33E-10,5.82E-08,0.258,1,Dfine,3.3.1.1.1,1,1,0.00258651,0.223096845,0.000148802,Gram-positive Bacteria,
59,72,1_3_5_Dfine Sep 30_13.raw,1012.8,598.0188015,529238.75,c15:0,(09/30/13 15:34:00),1.38E-10,9.00E-11,1.08E-10,1.12E-10,2.80E-08,0.45,1,Dfine,1.3.5.0.0,0,0,0.00109734,0.061108421,0.000425754,Total Biomass,
62,75,1_4_1_Dfine Sep 30_13.raw,1013,301.0476514,359643.5,c15:0,(09/30/13 14:08:00),9.35E-11,6.11E-11,7.36E-11,7.61E-11,1.90E-08,0.408,1,Dfine,1.4.1.0.1,0,1,0.000671818,0.045951539,0.000168463,Total Biomass,
70,83,3_3_1_Dfine Sep 23_13.raw,1013.1,121.2031216,343764.25,c15:0,(09/25/13 21:03:00),8.94E-11,5.84E-11,7.04E-11,7.27E-11,1.82E-08,0.258,1,Dfine,3.3.1.1.1,1,1,0.000876874,0.069597704,0.000116017,Total Biomass,
351,368,1_3_5_Dfine Sep 30_13.raw,1101.2,21.80227041,1196242.5,i16:0,(09/30/13 15:34:00),3.11E-10,2.03E-10,2.45E-10,2.53E-10,6.33E-08,0.45,1,Dfine,1.3.5.0.0,0,0,0.001596118,0.139008051,7.58E-05,Gram-positive Bacteria,
354,371,1_4_1_Dfine Sep 30_13.raw,1101.5,-21.5926956,745063.75,i16:0,(09/30/13 14:08:00),1.94E-10,1.27E-10,1.53E-10,1.58E-10,3.94E-08,0.408,1,Dfine,1.4.1.0.1,0,1,0.001050398,0.095537954,6.01E-06,Gram-positive Bacteria,
360,377,3_3_1_Dfine Sep 23_13.raw,1101.5,-6.433515711,933276,i16:0,(09/25/13 21:03:00),2.43E-10,1.59E-10,1.91E-10,1.97E-10,4.94E-08,0.258,1,Dfine,3.3.1.1.1,1,1,0.002112589,0.189216884,4.38E-05,Gram-positive Bacteria,
103,117,1_3_5_Dfine Sep 30_13.raw,1126,98.58308652,1707513.75,c16:1w9,(09/30/13 15:34:00),4.44E-10,2.90E-10,3.50E-10,3.61E-10,9.03E-08,0.45,1,Dfine,1.3.5.0.0,0,0,0.002447404,0.198250658,0.000265435,Gram-negative Bacteria,
106,120,1_4_1_Dfine Sep 30_13.raw,1126.3,115.0858665,1468219.25,c16:1w9,(09/30/13 14:08:00),3.82E-10,2.50E-10,3.01E-10,3.11E-10,7.77E-08,0.408,1,Dfine,1.4.1.0.1,0,1,0.002355486,0.187981082,0.000286167,Gram-negative Bacteria,
115,129,3_3_1_Dfine Sep 23_13.raw,1126.4,64.58303534,1200796.25,c16:1w9,(09/25/13 21:03:00),3.12E-10,2.04E-10,2.46E-10,2.54E-10,6.35E-08,0.258,1,Dfine,3.3.1.1.1,1,1,0.002910142,0.243263245,0.00023377,Gram-negative Bacteria,
451,611,1_3_5_Dfine Sep 30_13.raw,1140.8,128.3700866,2656322.5,UF3,(09/30/13 15:34:00),6.91E-10,4.52E-10,5.44E-10,5.62E-10,1.40E-07,0.45,1,Dfine,1.3.5.0.0,0,0,0.003909285,0.308310032,0.000529826,Unclassified,
454,614,1_4_1_Dfine Sep 30_13.raw,1140.9,85.13099997,1574118.5,UF3,(09/30/13 14:08:00),4.09E-10,2.68E-10,3.22E-10,3.33E-10,8.33E-08,0.408,1,Dfine,1.4.1.0.1,0,1,0.002458359,0.201606744,0.000249561,Unclassified,
461,621,3_3_1_Dfine Sep 23_13.raw,1141,7.37065523,1726996.5,UF3,(09/25/13 21:03:00),4.49E-10,2.94E-10,3.54E-10,3.65E-10,9.13E-08,0.258,1,Dfine,3.3.1.1.1,1,1,0.003962981,0.350085906,0.00013076,Unclassified,
94,107,3_3_1_Dfine Sep 23_13.raw,1159.6,370.2775367,5986818,c16:0,(09/25/13 21:03:00),1.56E-09,1.02E-09,1.23E-09,1.27E-09,3.17E-07,0.258,1,Dfine,3.3.1.1.1,1,1,0.018387071,1.197411501,0.005106983,Total Biomass,
75,88,1_3_5_Dfine Sep 30_13.raw,1160,1545.582804,9110864,c16:0,(09/30/13 15:34:00),2.37E-09,1.55E-09,1.87E-09,1.93E-09,4.82E-07,0.45,1,Dfine,1.3.5.0.0,0,0,0.029555569,1.029769073,0.017984636,Total Biomass,
80,93,1_4_1_Dfine Sep 30_13.raw,1160.3,940.9973029,8834008,c16:0,(09/30/13 14:08:00),2.30E-09,1.50E-09,1.81E-09,1.87E-09,4.67E-07,0.408,1,Dfine,1.4.1.0.1,0,1,0.024220493,1.109450244,0.011837482,Total Biomass,
471,631,1_3_5_Dfine Sep 30_13.raw,1222.5,-24.24780666,472306.75,UF6,(09/30/13 15:34:00),1.23E-10,8.03E-11,9.67E-11,9.99E-11,2.50E-08,0.45,1,Dfine,1.3.5.0.0,0,0,0.000602095,0.054911982,1.83E-06,Unclassified,
474,634,1_4_1_Dfine Sep 30_13.raw,1222.9,-27.45745154,907232,UF6,(09/30/13 14:08:00),2.36E-10,1.54E-10,1.86E-10,1.92E-10,4.80E-08,0.408,1,Dfine,1.4.1.0.1,0,1,0.00127144,0.11634003,0,Unclassified,
484,644,3_3_1_Dfine Sep 23_13.raw,1222.9,-19.11866833,413937.75,UF6,(09/25/13 21:03:00),1.08E-10,7.04E-11,8.48E-11,8.76E-11,2.19E-08,0.258,1,Dfine,3.3.1.1.1,1,1,0.000925168,0.083935571,7.58E-06,Unclassified,
491,651,1_3_5_Dfine Sep 30_13.raw,1231,-31.40407342,797336.5,UF7,(09/30/13 15:34:00),2.07E-10,1.36E-10,1.63E-10,1.69E-10,4.22E-08,0.45,1,Dfine,1.3.5.0.0,0,0,0.001009067,0.092708416,0,Unclassified,
494,654,1_4_1_Dfine Sep 30_13.raw,1231.3,-41.05495494,931286,UF7,(09/30/13 14:08:00),2.42E-10,1.58E-10,1.91E-10,1.97E-10,4.93E-08,0.408,1,Dfine,1.4.1.0.1,0,1,0.001287097,0.119442679,0,Unclassified,
500,660,3_3_1_Dfine Sep 23_13.raw,1231.4,-25.510409,713553.5,UF7,(09/25/13 21:03:00),1.86E-10,1.21E-10,1.46E-10,1.51E-10,3.77E-08,0.258,1,Dfine,3.3.1.1.1,1,1,0.001584542,0.14469996,0,Unclassified,
364,381,1_3_5_Dfine Sep 30_13.raw,1265.6,-21.99863628,1040035.5,i17:0,(09/30/13 15:34:00),2.70E-10,1.77E-10,2.13E-10,2.20E-10,5.50E-08,0.45,1,Dfine,1.3.5.0.0,0,0,0.001328856,0.120915026,1.15E-06,Gram-positive Bacteria,
367,384,1_4_1_Dfine Sep 30_13.raw,1266,-20.1992933,668340.5,i17:0,(09/30/13 14:08:00),1.74E-10,1.14E-10,1.37E-10,1.41E-10,3.53E-08,0.408,1,Dfine,1.4.1.0.1,0,1,0.00094356,0.085698566,2.53E-06,Gram-positive Bacteria,
373,390,3_3_1_Dfine Sep 23_13.raw,1266,-14.31606152,749824,i17:0,(09/25/13 21:03:00),1.95E-10,1.27E-10,1.54E-10,1.59E-10,3.97E-08,0.258,1,Dfine,3.3.1.1.1,1,1,0.001684003,0.152036258,1.44E-05,Gram-positive Bacteria,
505,665,1_3_5_Dfine Sep 30_13.raw,1281.4,1076.878284,1372657.25,UF8,(09/30/13 15:34:00),3.57E-10,2.33E-10,2.81E-10,2.90E-10,7.26E-08,0.45,1,Dfine,1.3.5.0.0,0,0,0.003679519,0.157660119,0.001932357,Unclassified,
510,670,1_4_1_Dfine Sep 30_13.raw,1281.9,728.8235623,1362870.25,UF8,(09/30/13 14:08:00),3.54E-10,2.32E-10,2.79E-10,2.88E-10,7.21E-08,0.408,1,Dfine,1.4.1.0.1,0,1,0.003366964,0.173312402,0.001453687,Unclassified,
521,681,3_3_1_Dfine Sep 23_13.raw,1281.9,334.8432518,1015590.25,UF8,(09/25/13 21:03:00),2.64E-10,1.73E-10,2.08E-10,2.15E-10,5.37E-08,0.258,1,Dfine,3.3.1.1.1,1,1,0.003076895,0.205127695,0.000822228,Unclassified,
319,336,1_3_5_Dfine Sep 30_13.raw,1307.4,4.508472748,1039984.25,cyc17:0,(09/30/13 15:34:00),2.70E-10,1.77E-10,2.13E-10,2.20E-10,5.50E-08,0.45,1,Dfine,1.3.5.0.0,0,0,0.001364403,0.120873455,2.30E-05,Gram-negative Bacteria,
322,339,1_4_1_Dfine Sep 30_13.raw,1307.9,-41.80942527,704704.75,cyc17:0,(09/30/13 14:08:00),1.83E-10,1.20E-10,1.44E-10,1.49E-10,3.73E-08,0.408,1,Dfine,1.4.1.0.1,0,1,0.000973189,0.090383114,0,Gram-negative Bacteria,
332,349,3_3_1_Dfine Sep 23_13.raw,1308.4,21.5303713,808054.5,cyc17:0,(09/25/13 21:03:00),2.10E-10,1.37E-10,1.65E-10,1.71E-10,4.27E-08,0.258,1,Dfine,3.3.1.1.1,1,1,0.00188003,0.163777976,6.21E-05,Gram-negative Bacteria,
123,137,3_3_1_Dfine Sep 23_13.raw,1335,52.61722324,326251.25,c17:0,(09/25/13 21:03:00),8.48E-11,5.55E-11,6.68E-11,6.90E-11,1.73E-08,0.258,1,Dfine,3.3.1.1.1,1,1,0.00078189,0.066102375,5.84E-05,Total Biomass,
225,240,1_4_1_Dfine Sep 30_13.raw,1437,1664.791702,663368.5,c18:3w6,(09/30/13 14:08:00),1.72E-10,1.13E-10,1.36E-10,1.40E-10,3.51E-08,0.408,1,Dfine,1.4.1.0.1,0,1,0.002500308,0.083497259,0.001570108,Fungi,
215,230,3_3_1_Dfine Sep 23_13.raw,1477.7,1340.033668,5803675.5,c18:2w6,(09/25/13 21:03:00),1.51E-09,9.86E-10,1.19E-09,1.23E-09,3.07E-07,0.258,1,Dfine,3.3.1.1.1,1,1,0.030484756,1.159317803,0.01766605,Fungi,
196,211,1_3_5_Dfine Sep 30_13.raw,1480.8,3246.337731,16342386,c18:2w6,(09/30/13 15:34:00),4.25E-09,2.78E-09,3.35E-09,3.46E-09,8.64E-07,0.45,1,Dfine,1.3.5.0.0,0,0,0.087482887,1.833371453,0.066787969,Fungi,
201,216,1_4_1_Dfine Sep 30_13.raw,1481,1333.48512,15967126,c18:2w6,(09/30/13 14:08:00),4.15E-09,2.71E-09,3.27E-09,3.38E-09,8.45E-07,0.408,1,Dfine,1.4.1.0.1,0,1,0.052890779,2.017050723,0.030589624,Fungi,
186,201,3_3_1_Dfine Sep 23_13.raw,1490.7,518.1328932,2797768.25,c18:1w9,(09/25/13 21:03:00),7.27E-10,4.76E-10,5.73E-10,5.92E-10,1.48E-07,0.258,1,Dfine,3.3.1.1.1,1,1,0.009620664,0.563945488,0.003426928,Fungi,
167,182,1_3_5_Dfine Sep 30_13.raw,1492.3,2009.194836,5819273,c18:1w9,(09/30/13 15:34:00),1.51E-09,9.89E-10,1.19E-09,1.23E-09,3.08E-07,0.45,1,Dfine,1.3.5.0.0,0,0,0.022372438,0.661614331,0.01498631,Fungi,
172,187,1_4_1_Dfine Sep 30_13.raw,1492.6,959.3397932,6316921,c18:1w9,(09/30/13 14:08:00),1.64E-09,1.07E-09,1.29E-09,1.34E-09,3.34E-07,0.408,1,Dfine,1.4.1.0.1,0,1,0.017641939,0.801269176,0.008798811,Fungi,
160,175,3_3_1_Dfine Sep 23_13.raw,1503,105.0296396,2102075.75,c18:1w7,(09/25/13 21:03:00),5.46E-10,3.57E-10,4.30E-10,4.45E-10,1.11E-07,0.258,1,Dfine,3.3.1.1.1,1,1,0.005285579,0.425657727,0.000611596,Gram-negative Bacteria,
147,162,1_3_5_Dfine Sep 30_13.raw,1503.6,245.7506622,2841870.75,c18:1w7,(09/30/13 15:34:00),7.39E-10,4.83E-10,5.82E-10,6.01E-10,1.50E-07,0.45,1,Dfine,1.3.5.0.0,0,0,0.004611425,0.329416897,0.000988575,Gram-negative Bacteria,
150,165,1_4_1_Dfine Sep 30_13.raw,1503.8,210.7412323,2525327.5,c18:1w7,(09/30/13 14:08:00),6.57E-10,4.29E-10,5.17E-10,5.34E-10,1.34E-07,0.408,1,Dfine,1.4.1.0.1,0,1,0.004394299,0.322983352,0.000843582,Gram-negative Bacteria,
129,143,1_3_5_Dfine Sep 30_13.raw,1549.6,455.9515536,1510586.5,c18:0,(09/30/13 15:34:00),3.93E-10,2.57E-10,3.09E-10,3.20E-10,7.99E-08,0.45,1,Dfine,1.3.5.0.0,0,0,0.00277788,0.168166195,0.000928297,Total Biomass,
132,146,1_4_1_Dfine Sep 30_13.raw,1549.9,364.7878803,1308346,c18:0,(09/30/13 14:08:00),3.40E-10,2.22E-10,2.68E-10,2.77E-10,6.92E-08,0.408,1,Dfine,1.4.1.0.1,0,1,0.002481682,0.160521769,0.000718015,Total Biomass,
142,156,3_3_1_Dfine Sep 23_13.raw,1549.9,90.70640883,1150046.5,c18:0,(09/25/13 21:03:00),2.99E-10,1.95E-10,2.35E-10,2.43E-10,6.08E-08,0.258,1,Dfine,3.3.1.1.1,1,1,0.002774466,0.226387277,0.000294979,Total Biomass,
317,334,3_3_1_Dfine Sep 23_13.raw,1760.8,-17.39614218,535536.25,cyc19:0,(09/25/13 21:03:00),1.39E-10,9.10E-11,1.10E-10,1.13E-10,2.83E-08,0.258,1,Dfine,3.3.1.1.1,1,1,0.001199025,0.108590436,1.15E-05,Gram-negative Bacteria,
405,564,1_4_1_Dfine Sep 30_13.raw,1772.8,-8.352658628,2196782.5,UF10,(09/30/13 14:08:00),5.71E-10,3.73E-10,4.50E-10,4.65E-10,1.16E-07,0.408,1,Dfine,1.4.1.0.1,0,1,0.003138492,0.28164734,6.40E-05,Unclassified,
402,561,1_3_5_Dfine Sep 30_13.raw,1772.9,-15.94053633,3318989.5,UF10,(09/30/13 15:34:00),8.63E-10,5.64E-10,6.80E-10,7.02E-10,1.76E-07,0.45,1,Dfine,1.3.5.0.0,0,0,0.004266662,0.38584133,5.52E-05,Unclassified,
412,571,3_3_1_Dfine Sep 23_13.raw,1773.2,-1.604691653,2376468.5,UF10,(09/25/13 21:03:00),6.18E-10,4.04E-10,4.87E-10,5.03E-10,1.26E-07,0.258,1,Dfine,3.3.1.1.1,1,1,0.005405292,0.481790848,0.000145677,Unclassified,
266,281,3_3_1_Dfine Sep 23_13.raw,1905.6,-11.47643737,1050485,c20:4w6,(09/25/13 21:03:00),2.73E-10,1.79E-10,2.15E-10,2.22E-10,5.56E-08,0.258,1,Dfine,3.3.1.1.1,1,1,0.002365969,0.21299234,5.41E-05,General Eukaryotes,
258,273,1_3_5_Dfine Sep 30_13.raw,1905.7,-14.1982873,1461226,c20:4w6,(09/30/13 15:34:00),3.80E-10,2.48E-10,2.99E-10,3.09E-10,7.73E-08,0.45,1,Dfine,1.3.5.0.0,0,0,0.00188174,0.169868108,3.80E-05,General Eukaryotes,
244,259,1_3_5_Dfine Sep 30_13.raw,1950.8,1872.928121,993598.5,c20:3w3,(09/30/13 15:34:00),2.58E-10,1.69E-10,2.03E-10,2.10E-10,5.26E-08,0.45,1,Dfine,1.3.5.0.0,0,0,0.003652361,0.1131334,0.002391688,General Eukaryotes,
247,262,1_4_1_Dfine Sep 30_13.raw,1951.3,848.7301831,1156615.5,c20:3w3,(09/30/13 14:08:00),3.01E-10,1.97E-10,2.37E-10,2.45E-10,6.12E-08,0.408,1,Dfine,1.4.1.0.1,0,1,0.003051562,0.146889412,0.001432987,General Eukaryotes,
229,244,1_3_5_Dfine Sep 30_13.raw,2100.9,177.7093032,1004937,c20:0,(09/30/13 15:34:00),2.61E-10,1.71E-10,2.06E-10,2.13E-10,5.32E-08,0.45,1,Dfine,1.3.5.0.0,0,0,0.001542781,0.116575687,0.000262308,Plant,
232,247,1_4_1_Dfine Sep 30_13.raw,2101.1,142.3039893,659721,c20:0,(09/30/13 14:08:00),1.72E-10,1.12E-10,1.35E-10,1.40E-10,3.49E-08,0.408,1,Dfine,1.4.1.0.1,0,1,0.001083907,0.084440806,0.00015677,Plant,
240,255,3_3_1_Dfine Sep 23_13.raw,2101.4,22.53357781,764259.5,c20:0,(09/25/13 21:03:00),1.99E-10,1.30E-10,1.56E-10,1.62E-10,4.04E-08,0.258,1,Dfine,3.3.1.1.1,1,1,0.001779863,0.154899798,8.14E-05,Plant,
288,303,3_3_1_Dfine Sep 23_13.raw,2441.2,26.7465705,1249347.5,c22:0,(09/25/13 21:03:00),3.25E-10,2.12E-10,2.56E-10,2.64E-10,6.61E-08,0.258,1,Dfine,3.3.1.1.1,1,1,0.002921422,0.253205381,7.68E-05,Plant,
273,288,1_3_5_Dfine Sep 30_13.raw,2441.3,324.3819182,1278712,c22:0,(09/30/13 15:34:00),3.32E-10,2.17E-10,2.62E-10,2.71E-10,6.76E-08,0.45,1,Dfine,1.3.5.0.0,0,0,0.002203979,0.148093505,0.000534725,Plant,
277,292,1_4_1_Dfine Sep 30_13.raw,2441.4,187.6611383,1283820.5,c22:0,(09/30/13 14:08:00),3.34E-10,2.18E-10,2.63E-10,2.72E-10,6.79E-08,0.408,1,Dfine,1.4.1.0.1,0,1,0.002191939,0.164239598,0.000343496,Plant,
423,582,3_3_1_Dfine Sep 23_13.raw,2461.9,-32.03283355,865816,UF11,(09/25/13 21:03:00),2.25E-10,1.47E-10,1.77E-10,1.83E-10,4.58E-08,0.258,1,Dfine,3.3.1.1.1,1,1,0.001787046,0.164258556,0,Unclassified,
309,325,3_3_1_Dfine Sep 23_13.raw,2565.9,160.3558576,373559,c23:0,(09/25/13 21:03:00),9.71E-11,6.35E-11,7.65E-11,7.90E-11,1.98E-08,0.258,1,Dfine,3.3.1.1.1,1,1,0.000985721,0.075597033,0.000157357,Plant,
436,596,3_3_1_Dfine Sep 23_13.raw,2598.2,-46.34203715,318634.25,UF12,(09/25/13 21:03:00),8.28E-11,5.42E-11,6.52E-11,6.74E-11,1.69E-08,0.258,1,Dfine,3.3.1.1.1,1,1,0.000692605,0.064630111,0,Unclassified,
36,36,1_3_5_Dfine Sep 30_13.raw,2674.3,636.5059242,1243363,c24:0,(09/30/13 15:34:00),3.23E-10,2.11E-10,2.55E-10,2.63E-10,6.58E-08,0.45,1,Dfine,1.3.5.0.0,0,0,0.002638995,0.143503631,0.001017973,Plant,
52,52,3_3_1_Dfine Sep 23_13.raw,2674.3,167.3415684,999274.5,c24:0,(09/25/13 21:03:00),2.60E-10,1.70E-10,2.05E-10,2.11E-10,5.29E-08,0.258,1,Dfine,3.3.1.1.1,1,1,0.002652484,0.202207239,0.000380168,Plant,
40,40,1_4_1_Dfine Sep 30_13.raw,2674.5,401.3326027,1206500.25,c24:0,(09/30/13 14:08:00),3.14E-10,2.05E-10,2.47E-10,2.55E-10,6.38E-08,0.408,1,Dfine,1.4.1.0.1,0,1,0.002424781,0.153983137,0.000689895,Plant,
379,537,1_3_5_Droot Sep 30_13.raw,591.8,-25.85867154,1035353.5,UF1,(10/01/13 04:27:00),2.69E-10,1.76E-10,2.12E-10,2.19E-10,5.48E-08,0.0096,1,Droot,1.3.5.0.0,0,0,0.060925868,5.565510747,3.94E-05,Unclassified,
384,542,1_4_1_Droot Sep 30_13.raw,591.9,-28.78426912,1082911.5,UF1,(10/01/13 03:01:00),2.82E-10,1.84E-10,2.22E-10,2.29E-10,5.73E-08,0.0117,1,Droot,1.4.1.0.1,0,1,0.052009884,4.765557994,0,Unclassified,
396,554,3_3_1_Droot Sep 30_13.raw,591.9,-28.74489166,727313.75,UF1,(10/01/13 01:36:00),1.89E-10,1.24E-10,1.49E-10,1.54E-10,3.85E-08,0.0148,1,Droot,3.3.1.1.1,1,1,0.027220915,2.494100719,0,Unclassified,
8,8,1_4_1_Droot Sep 30_13.raw,974.9,75.96616837,198633,a15:0,(10/01/13 03:01:00),5.16E-11,3.38E-11,4.07E-11,4.20E-11,1.05E-08,0.0117,1,Droot,1.4.1.0.1,0,1,0.010727395,0.887232671,0.001028124,Gram-positive Bacteria,
17,17,3_3_1_Droot Sep 30_13.raw,974.9,191.647617,216094.25,a15:0,(10/01/13 01:36:00),5.62E-11,3.67E-11,4.42E-11,4.57E-11,1.14E-08,0.0148,1,Droot,3.3.1.1.1,1,1,0.010204741,0.762072041,0.001863033,Gram-positive Bacteria,
76,89,1_3_5_Droot Sep 30_13.raw,1157.6,5.178768959,4098336.5,c16:0,(10/01/13 04:27:00),1.07E-09,6.97E-10,8.39E-10,8.67E-10,2.17E-07,0.0096,1,Droot,1.3.5.0.0,0,0,0.251978435,22.31667595,0.005462508,Total Biomass,
81,94,1_4_1_Droot Sep 30_13.raw,1157.8,159.3513405,4430745,c16:0,(10/01/13 03:01:00),1.15E-09,7.53E-10,9.07E-10,9.37E-10,2.34E-07,0.0117,1,Droot,1.4.1.0.1,0,1,0.257367917,19.76114819,0.038706982,Total Biomass,
95,108,3_3_1_Droot Sep 30_13.raw,1157.8,364.9158146,4331933,c16:0,(10/01/13 01:36:00),1.13E-09,7.36E-10,8.87E-10,9.17E-10,2.29E-07,0.0148,1,Droot,3.3.1.1.1,1,1,0.233639678,15.23625572,0.064663028,Total Biomass,
506,666,1_3_5_Droot Sep 30_13.raw,1279.9,-35.60748918,1411287.5,UF8,(10/01/13 04:27:00),3.67E-10,2.40E-10,2.89E-10,2.99E-10,7.46E-08,0.0096,1,Droot,1.3.5.0.0,0,0,0.083361692,7.692271137,0,Unclassified,
511,671,1_4_1_Droot Sep 30_13.raw,1280,70.93368427,1646084,UF8,(10/01/13 03:01:00),4.28E-10,2.80E-10,3.37E-10,3.48E-10,8.71E-08,0.0117,1,Droot,1.4.1.0.1,0,1,0.088487734,7.352963065,0.007903583,Unclassified,
522,682,3_3_1_Droot Sep 30_13.raw,1280.2,233.4086041,1733237.5,UF8,(10/01/13 01:36:00),4.51E-10,2.95E-10,3.55E-10,3.67E-10,9.17E-08,0.0148,1,Droot,3.3.1.1.1,1,1,0.084678843,6.109558531,0.01760088,Unclassified,
120,134,1_4_1_Droot Sep 30_13.raw,1333,-26.24111896,340746.5,c17:0,(10/01/13 03:01:00),8.86E-11,5.79E-11,6.98E-11,7.21E-11,1.80E-08,0.0117,1,Droot,1.4.1.0.1,0,1,0.016673247,1.523739219,1.12E-05,Total Biomass,
124,138,3_3_1_Droot Sep 30_13.raw,1333.2,-27.97683461,308487.5,c17:0,(10/01/13 01:36:00),8.02E-11,5.24E-11,6.32E-11,6.53E-11,1.63E-08,0.0148,1,Droot,3.3.1.1.1,1,1,0.011911983,1.090559433,0,Total Biomass,
224,239,1_3_5_Droot Sep 30_13.raw,1435,-29.18305817,945251.5,c18:3w6,(10/01/13 04:27:00),2.46E-10,1.61E-10,1.94E-10,2.00E-10,5.00E-08,0.0096,1,Droot,1.3.5.0.0,0,0,0.056201888,5.151757933,0,Fungi,
226,241,1_4_1_Droot Sep 30_13.raw,1435.1,81.97296702,863967.5,c18:3w6,(10/01/13 03:01:00),2.25E-10,1.47E-10,1.77E-10,1.83E-10,4.57E-08,0.0117,1,Droot,1.4.1.0.1,0,1,0.046916876,3.858820403,0.004670101,Fungi,
227,242,3_3_1_Droot Sep 30_13.raw,1435.1,174.240832,795166,c18:3w6,(10/01/13 01:36:00),2.07E-10,1.35E-10,1.63E-10,1.68E-10,4.21E-08,0.0148,1,Droot,3.3.1.1.1,1,1,0.037009204,2.804751925,0.006271027,Fungi,
202,217,1_4_1_Droot Sep 30_13.raw,1475.8,169.8339824,6057607.5,c18:2w6,(10/01/13 03:01:00),1.57E-09,1.03E-09,1.24E-09,1.28E-09,3.20E-07,0.0117,1,Droot,1.4.1.0.1,0,1,0.355317998,27.02930403,0.060281305,Fungi,
216,231,3_3_1_Droot Sep 30_13.raw,1476.5,287.3624912,7897178,c18:2w6,(10/01/13 01:36:00),2.05E-09,1.34E-09,1.62E-09,1.67E-09,4.18E-07,0.0148,1,Droot,3.3.1.1.1,1,1,0.402460266,27.82044347,0.098392086,Fungi,
197,212,1_3_5_Droot Sep 30_13.raw,1476.8,56.43315644,9674888,c18:2w6,(10/01/13 04:27:00),2.52E-09,1.64E-09,1.98E-09,2.05E-09,5.12E-07,0.0096,1,Droot,1.3.5.0.0,0,0,0.62537574,52.67940925,0.051080157,Fungi,
168,183,1_3_5_Droot Sep 30_13.raw,1489.2,-18.39227817,3924705,c18:1w9,(10/01/13 04:27:00),1.02E-09,6.67E-10,8.04E-10,8.30E-10,2.08E-07,0.0096,1,Droot,1.3.5.0.0,0,0,0.235916914,21.38764671,0.002411798,Fungi,
187,202,3_3_1_Droot Sep 30_13.raw,1489.9,422.3310962,5075028,c18:1w9,(10/01/13 01:36:00),1.32E-09,8.63E-10,1.04E-09,1.07E-09,2.68E-07,0.0148,1,Droot,3.3.1.1.1,1,1,0.285325493,17.85178965,0.089469285,Fungi,
173,188,1_4_1_Droot Sep 30_13.raw,1490,127.807542,6630015,c18:1w9,(10/01/13 03:01:00),1.72E-09,1.13E-09,1.36E-09,1.40E-09,3.51E-07,0.0117,1,Droot,1.4.1.0.1,0,1,0.375097211,29.59720701,0.051437037,Fungi,
151,166,1_4_1_Droot Sep 30_13.raw,1500.4,144.9920041,589658,c18:1w7,(10/01/13 03:01:00),1.53E-10,1.00E-10,1.21E-10,1.25E-10,3.12E-08,0.0117,1,Droot,1.4.1.0.1,0,1,0.033862122,2.63180439,0.004950477,Gram-negative Bacteria,
161,176,3_3_1_Droot Sep 30_13.raw,1500.6,265.0599249,635138.5,c18:1w7,(10/01/13 01:36:00),1.65E-10,1.08E-10,1.30E-10,1.34E-10,3.36E-08,0.0148,1,Droot,3.3.1.1.1,1,1,0.031815377,2.238040101,0.007196672,Gram-negative Bacteria,
133,147,1_4_1_Droot Sep 30_13.raw,1547.3,97.87166828,459827,c18:0,(10/01/13 03:01:00),1.20E-10,7.82E-11,9.42E-11,9.73E-11,2.43E-08,0.0117,1,Droot,1.4.1.0.1,0,1,0.025252638,2.046879447,0.002832558,Total Biomass,
143,157,3_3_1_Droot Sep 30_13.raw,1547.4,239.8446475,453025,c18:0,(10/01/13 01:36:00),1.18E-10,7.70E-11,9.28E-11,9.58E-11,2.40E-08,0.0148,1,Droot,3.3.1.1.1,1,1,0.022166592,1.590244859,0.004720603,Total Biomass,
245,260,1_3_5_Droot Sep 30_13.raw,1948.6,-32.09262823,1356897.5,c20:3w3,(10/01/13 04:27:00),3.53E-10,2.31E-10,2.78E-10,2.87E-10,7.18E-08,0.0096,1,Droot,1.3.5.0.0,0,0,0.080437964,7.395527597,0,General Eukaryotes,
248,263,1_4_1_Droot Sep 30_13.raw,1949.2,14.23699396,1993043,c20:3w3,(10/01/13 03:01:00),5.18E-10,3.39E-10,4.08E-10,4.22E-10,1.05E-07,0.0117,1,Droot,1.4.1.0.1,0,1,0.10153087,8.90841724,0.004270758,General Eukaryotes,
252,267,3_3_1_Droot Sep 30_13.raw,1949.2,51.92465281,2075677.5,c20:3w3,(10/01/13 01:36:00),5.40E-10,3.53E-10,4.25E-10,4.39E-10,1.10E-07,0.0148,1,Droot,3.3.1.1.1,1,1,0.086662025,7.331386076,0.006586071,General Eukaryotes,
278,293,1_4_1_Droot Sep 30_13.raw,2439.5,103.7130557,324368.5,c22:0,(10/01/13 03:01:00),8.43E-11,5.51E-11,6.64E-11,6.86E-11,1.72E-08,0.0117,1,Droot,1.4.1.0.1,0,1,0.017964094,1.44840836,0.001678079,Plant,
274,289,1_3_5_Droot Sep 30_13.raw,2439.7,-18.36045394,367649,c22:0,(10/01/13 04:27:00),9.56E-11,6.25E-11,7.53E-11,7.78E-11,1.94E-08,0.0096,1,Droot,1.3.5.0.0,0,0,0.022100361,2.003499408,0,Plant,
289,304,3_3_1_Droot Sep 30_13.raw,2440,212.3380569,414057,c22:0,(10/01/13 01:36:00),1.08E-10,7.04E-11,8.48E-11,8.76E-11,2.19E-08,0.0148,1,Droot,3.3.1.1.1,1,1,0.019888186,1.459867095,0.003453537,Plant,
417,576,1_4_1_Droot Sep 30_13.raw,2460.1,-26.98267369,210375,UF11,(10/01/13 03:01:00),5.47E-11,3.58E-11,4.31E-11,4.45E-11,1.11E-08,0.0117,1,Droot,1.4.1.0.1,0,1,0.010163331,0.929424786,2.19E-05,Unclassified,
41,41,1_4_1_Droot Sep 30_13.raw,2673.1,177.0486942,261668,c24:0,(10/01/13 03:01:00),6.80E-11,4.45E-11,5.36E-11,5.54E-11,1.38E-08,0.0117,1,Droot,1.4.1.0.1,0,1,0.01544195,1.167480397,0.002320909,Plant,
37,37,1_3_5_Droot Sep 30_13.raw,2673.2,-18.44056313,412520,c24:0,(10/01/13 04:27:00),1.07E-10,7.01E-11,8.45E-11,8.73E-11,2.18E-08,0.0096,1,Droot,1.3.5.0.0,0,0,0.024795675,2.248025458,0,Plant,
53,53,3_3_1_Droot Sep 30_13.raw,2673.3,351.0156736,357682.5,c24:0,(10/01/13 01:36:00),9.30E-11,6.08E-11,7.32E-11,7.57E-11,1.89E-08,0.0148,1,Droot,3.3.1.1.1,1,1,0.019116228,1.259168086,0.004937427,Plant,
397,555,3_3_1_Dwash Sep 30_13.raw,591.9,-30.5340305,1120594.5,UF1,(09/30/13 17:00:00),2.91E-10,1.90E-10,2.29E-10,2.37E-10,5.93E-08,0.204,1,Dwash,3.3.1.1.1,1,1,0.002289348,0.21030385,0,Unclassified,
385,543,1_4_1_Dwash Sep 30_13.raw,592,-31.80529422,1482536,UF1,(09/30/13 18:26:00),3.85E-10,2.52E-10,3.04E-10,3.14E-10,7.84E-08,0.0766,1,Dwash,1.4.1.0.1,0,1,0.010175921,0.935563511,0,Unclassified,
380,538,1_3_5_Dwash Sep 30_13.raw,592.2,-27.08459879,1472851,UF1,(09/30/13 19:52:00),3.83E-10,2.50E-10,3.02E-10,3.12E-10,7.79E-08,0.276,1,Dwash,1.3.5.0.0,0,0,0.002210738,0.202094592,0,Unclassified,
443,603,1_4_1_Dwash Sep 30_13.raw,837.4,23.92045566,285437.75,UF2,(09/30/13 18:26:00),7.42E-11,4.85E-11,5.84E-11,6.04E-11,1.51E-08,0.0766,1,Dwash,1.4.1.0.1,0,1,0.002241971,0.194852355,9.94E-05,Unclassified,
441,601,1_3_5_Dwash Sep 30_13.raw,837.5,15.70529362,125196.25,UF2,(09/30/13 19:52:00),3.25E-11,2.13E-11,2.56E-11,2.65E-11,6.62E-09,0.276,1,Dwash,1.3.5.0.0,0,0,0.000270751,0.02372165,9.94E-06,Unclassified,
25,25,1_4_1_Dwash Sep 30_13.raw,883.6,2.704413719,741631,c14:0,(09/30/13 18:26:00),1.93E-10,1.26E-10,1.52E-10,1.57E-10,3.92E-08,0.0766,1,Dwash,1.4.1.0.1,0,1,0.005705787,0.506389275,0.000166662,Total Biomass,
33,33,3_3_1_Dwash Sep 30_13.raw,883.6,17.32365182,457530,c14:0,(09/30/13 17:00:00),1.19E-10,7.78E-11,9.37E-11,9.68E-11,2.42E-08,0.204,1,Dwash,3.3.1.1.1,1,1,0.001340792,0.117285482,5.77E-05,Total Biomass,
22,22,1_3_5_Dwash Sep 30_13.raw,883.8,-3.932073875,667805.25,c14:0,(09/30/13 19:52:00),1.74E-10,1.14E-10,1.37E-10,1.41E-10,3.53E-08,0.276,1,Dwash,1.3.5.0.0,0,0,0.001416593,0.126560496,3.23E-05,Total Biomass,
348,365,3_3_1_Dwash Sep 30_13.raw,964.8,61.49542089,974448,i15:0,(09/30/13 17:00:00),2.53E-10,1.66E-10,2.00E-10,2.06E-10,5.15E-08,0.204,1,Dwash,3.3.1.1.1,1,1,0.00297815,0.249672247,0.000246341,Gram-positive Bacteria,
337,354,1_3_5_Dwash Sep 30_13.raw,964.9,31.33191294,703134.75,i15:0,(09/30/13 19:52:00),1.83E-10,1.20E-10,1.44E-10,1.49E-10,3.72E-08,0.276,1,Dwash,1.3.5.0.0,0,0,0.001543737,0.133203839,8.68E-05,Gram-positive Bacteria,
340,357,1_4_1_Dwash Sep 30_13.raw,965,-0.440786591,2468757.25,i15:0,(09/30/13 18:26:00),6.42E-10,4.20E-10,5.06E-10,5.22E-10,1.31E-07,0.0766,1,Dwash,1.4.1.0.1,0,1,0.01893463,1.685738445,0.000502678,Gram-positive Bacteria,
18,18,3_3_1_Dwash Sep 30_13.raw,975.3,95.65369693,608494.25,a15:0,(09/30/13 17:00:00),1.58E-10,1.03E-10,1.25E-10,1.29E-10,3.22E-08,0.204,1,Dwash,3.3.1.1.1,1,1,0.001918822,0.155848768,0.000214704,Gram-positive Bacteria,
5,5,1_3_5_Dwash Sep 30_13.raw,975.4,50.84521685,762202.5,a15:0,(09/30/13 19:52:00),1.98E-10,1.30E-10,1.56E-10,1.61E-10,4.03E-08,0.276,1,Dwash,1.3.5.0.0,0,0,0.001704713,0.144362509,0.000126975,Gram-positive Bacteria,
9,9,1_4_1_Dwash Sep 30_13.raw,975.4,13.31602965,1499975.5,a15:0,(09/30/13 18:26:00),3.90E-10,2.55E-10,3.07E-10,3.17E-10,7.93E-08,0.0766,1,Dwash,1.4.1.0.1,0,1,0.011660914,1.024069856,0.000473521,Gram-positive Bacteria,
63,76,1_4_1_Dwash Sep 30_13.raw,1012.4,191.2991691,478454.25,c15:0,(09/30/13 18:26:00),1.24E-10,8.13E-11,9.80E-11,1.01E-10,2.53E-08,0.0766,1,Dwash,1.4.1.0.1,0,1,0.004364222,0.3260077,0.000797462,Total Biomass,
71,84,3_3_1_Dwash Sep 30_13.raw,1012.4,214.4989689,207255.75,c15:0,(09/30/13 17:00:00),5.39E-11,3.52E-11,4.24E-11,4.38E-11,1.10E-08,0.204,1,Dwash,3.3.1.1.1,1,1,0.000723496,0.053012822,0.000143348,Total Biomass,
60,73,1_3_5_Dwash Sep 30_13.raw,1012.5,390.6031375,186893.25,c15:0,(09/30/13 19:52:00),4.86E-11,3.18E-11,3.83E-11,3.95E-11,9.89E-09,0.276,1,Dwash,1.3.5.0.0,0,0,0.000551066,0.035264847,0.00016439,Total Biomass,
361,378,3_3_1_Dwash Sep 30_13.raw,1100.6,57.7379906,459507.75,i16:0,(09/30/13 17:00:00),1.19E-10,7.81E-11,9.41E-11,9.72E-11,2.43E-08,0.204,1,Dwash,3.3.1.1.1,1,1,0.001399454,0.117739602,0.000111234,Gram-positive Bacteria,
352,369,1_3_5_Dwash Sep 30_13.raw,1100.7,20.23932118,441362.75,i16:0,(09/30/13 19:52:00),1.15E-10,7.50E-11,9.04E-11,9.34E-11,2.33E-08,0.276,1,Dwash,1.3.5.0.0,0,0,0.000958711,0.083623314,4.41E-05,Gram-positive Bacteria,
355,372,1_4_1_Dwash Sep 30_13.raw,1100.7,7.254997103,1083294.25,i16:0,(09/30/13 18:26:00),2.82E-10,1.84E-10,2.22E-10,2.29E-10,5.73E-08,0.0766,1,Dwash,1.4.1.0.1,0,1,0.008371796,0.739641213,0.00028372,Gram-positive Bacteria,
104,118,1_3_5_Dwash Sep 30_13.raw,1125.3,145.7329331,511848.5,c16:1w9,(09/30/13 19:52:00),1.33E-10,8.70E-11,1.05E-10,1.08E-10,2.71E-08,0.276,1,Dwash,1.3.5.0.0,0,0,0.001246837,0.09684296,0.000180415,Gram-negative Bacteria,
116,130,3_3_1_Dwash Sep 30_13.raw,1125.4,301.9978585,932978.75,c16:1w9,(09/30/13 17:00:00),2.43E-10,1.59E-10,1.91E-10,1.97E-10,4.93E-08,0.204,1,Dwash,3.3.1.1.1,1,1,0.003488136,0.238410304,0.000858241,Gram-negative Bacteria,
107,121,1_4_1_Dwash Sep 30_13.raw,1125.6,98.32121984,1666810.25,c16:1w9,(09/30/13 18:26:00),4.33E-10,2.83E-10,3.41E-10,3.53E-10,8.82E-08,0.0766,1,Dwash,1.4.1.0.1,0,1,0.014031661,1.136898247,0.00151887,Gram-negative Bacteria,
452,612,1_3_5_Dwash Sep 30_13.raw,1139.9,299.7314951,440208.75,UF3,(09/30/13 19:52:00),1.14E-10,7.48E-11,9.01E-11,9.31E-11,2.33E-08,0.276,1,Dwash,1.3.5.0.0,0,0,0.001214383,0.083146491,0.000301262,Unclassified,
462,622,3_3_1_Dwash Sep 30_13.raw,1139.9,107.6545718,696132.5,UF3,(09/30/13 17:00:00),1.81E-10,1.18E-10,1.43E-10,1.47E-10,3.68E-08,0.204,1,Dwash,3.3.1.1.1,1,1,0.002218929,0.178271104,0.000265307,Unclassified,
455,615,1_4_1_Dwash Sep 30_13.raw,1140.3,85.13204426,1763602,UF3,(09/30/13 18:26:00),4.58E-10,3.00E-10,3.61E-10,3.73E-10,9.33E-08,0.0766,1,Dwash,1.4.1.0.1,0,1,0.014670344,1.203094118,0.001489274,Unclassified,
77,90,1_3_5_Dwash Sep 30_13.raw,1158,1107.454334,2879230.5,c16:0,(09/30/13 19:52:00),7.49E-10,4.89E-10,5.90E-10,6.09E-10,1.52E-07,0.276,1,Dwash,1.3.5.0.0,0,0,0.012539537,0.527681668,0.006638737,Total Biomass,
96,109,3_3_1_Dwash Sep 30_13.raw,1158.3,493.3938265,4539968,c16:0,(09/30/13 17:00:00),1.18E-09,7.72E-10,9.30E-10,9.61E-10,2.40E-07,0.204,1,Dwash,3.3.1.1.1,1,1,0.019202441,1.146349836,0.006471191,Total Biomass,
82,95,1_4_1_Dwash Sep 30_13.raw,1159.2,501.1242888,7592759.5,c16:0,(09/30/13 18:26:00),1.97E-09,1.29E-09,1.55E-09,1.61E-09,4.02E-07,0.0766,1,Dwash,1.4.1.0.1,0,1,0.08674543,5.14449355,0.029604951,Total Biomass,
472,632,1_3_5_Dwash Sep 30_13.raw,1221.8,-19.32803289,152325.5,UF6,(09/30/13 19:52:00),3.96E-11,2.59E-11,3.12E-11,3.22E-11,8.06E-09,0.276,1,Dwash,1.3.5.0.0,0,0,0.000318183,0.028873223,2.54E-06,Unclassified,
475,635,1_4_1_Dwash Sep 30_13.raw,1222,-12.33715264,406438.5,UF6,(09/30/13 18:26:00),1.06E-10,6.91E-11,8.32E-11,8.60E-11,2.15E-08,0.0766,1,Dwash,1.4.1.0.1,0,1,0.003080569,0.277564589,4.60E-05,Unclassified,
485,645,3_3_1_Dwash Sep 30_13.raw,1222,5.385896515,228470,UF6,(09/30/13 17:00:00),5.94E-11,3.88E-11,4.68E-11,4.83E-11,1.21E-08,0.204,1,Dwash,3.3.1.1.1,1,1,0.000661763,0.058574888,2.12E-05,Unclassified,
501,661,3_3_1_Dwash Sep 30_13.raw,1230.1,-5.586697673,293147.5,UF7,(09/30/13 17:00:00),7.62E-11,4.98E-11,6.00E-11,6.20E-11,1.55E-08,0.204,1,Dwash,3.3.1.1.1,1,1,0.000839937,0.075165999,1.63E-05,Unclassified,
492,652,1_3_5_Dwash Sep 30_13.raw,1230.2,49.06285773,139250.5,UF7,(09/30/13 19:52:00),3.62E-11,2.37E-11,2.85E-11,2.95E-11,7.37E-09,0.276,1,Dwash,1.3.5.0.0,0,0,0.00031092,0.026374814,2.17E-05,Unclassified,
495,655,1_4_1_Dwash Sep 30_13.raw,1230.3,-11.22024146,537519.25,UF7,(09/30/13 18:26:00),1.40E-10,9.14E-11,1.10E-10,1.14E-10,2.84E-08,0.0766,1,Dwash,1.4.1.0.1,0,1,0.004078641,0.367077572,5.65E-05,Unclassified,
365,382,1_3_5_Dwash Sep 30_13.raw,1264.8,39.26487768,255560.5,i17:0,(09/30/13 19:52:00),6.64E-11,4.34E-11,5.23E-11,5.41E-11,1.35E-08,0.276,1,Dwash,1.3.5.0.0,0,0,0.000565351,0.048409839,3.34E-05,Gram-positive Bacteria,
374,391,3_3_1_Dwash Sep 30_13.raw,1264.9,26.57741632,344591.25,i17:0,(09/30/13 17:00:00),8.96E-11,5.86E-11,7.06E-11,7.29E-11,1.82E-08,0.204,1,Dwash,3.3.1.1.1,1,1,0.001018906,0.088325129,4.85E-05,Gram-positive Bacteria,
368,385,1_4_1_Dwash Sep 30_13.raw,1265,1.124105392,798924.75,i17:0,(09/30/13 18:26:00),2.08E-10,1.36E-10,1.64E-10,1.69E-10,4.23E-08,0.0766,1,Dwash,1.4.1.0.1,0,1,0.006137,0.545519308,0.000145383,Gram-positive Bacteria,
523,683,3_3_1_Dwash Sep 30_13.raw,1280.6,484.9402945,594203.75,UF8,(09/30/13 17:00:00),1.54E-10,1.01E-10,1.22E-10,1.26E-10,3.14E-08,0.204,1,Dwash,3.3.1.1.1,1,1,0.00252858,0.151533836,0.000860224,Unclassified,
507,667,1_3_5_Dwash Sep 30_13.raw,1280.7,646.8534296,590975.25,UF8,(09/30/13 19:52:00),1.54E-10,1.00E-10,1.21E-10,1.25E-10,3.13E-08,0.276,1,Dwash,1.3.5.0.0,0,0,0.00205779,0.111195726,0.000831358,Unclassified,
512,672,1_4_1_Dwash Sep 30_13.raw,1280.7,338.8190278,1066307.25,UF8,(09/30/13 18:26:00),2.77E-10,1.81E-10,2.18E-10,2.26E-10,5.64E-08,0.0766,1,Dwash,1.4.1.0.1,0,1,0.010912894,0.725370618,0.002939613,Unclassified,
125,139,1_3_5_Dwash Sep 30_13.raw,1295,-1.216749265,1173227.75,c17:1w7,(09/30/13 19:52:00),3.05E-10,1.99E-10,2.40E-10,2.48E-10,6.21E-08,0.276,1,Dwash,1.3.5.0.0,0,0,0.002495439,0.22233998,6.35E-05,Gram-negative Bacteria,
323,340,1_4_1_Dwash Sep 30_13.raw,1307,14.00435806,1225427,cyc17:0,(09/30/13 18:26:00),3.19E-10,2.08E-10,2.51E-10,2.59E-10,6.48E-08,0.0766,1,Dwash,1.4.1.0.1,0,1,0.009532953,0.836622501,0.000247214,Gram-negative Bacteria,
333,350,3_3_1_Dwash Sep 30_13.raw,1307.1,245.5850219,698191.25,cyc17:0,(09/30/13 17:00:00),1.82E-10,1.19E-10,1.43E-10,1.48E-10,3.69E-08,0.204,1,Dwash,3.3.1.1.1,1,1,0.002498795,0.178525022,0.000512233,Gram-negative Bacteria,
320,337,1_3_5_Dwash Sep 30_13.raw,1307.5,19.92268085,946761.75,cyc17:0,(09/30/13 19:52:00),2.46E-10,1.61E-10,1.94E-10,2.00E-10,5.01E-08,0.276,1,Dwash,1.3.5.0.0,0,0,0.002055887,0.179379963,6.48E-05,Gram-negative Bacteria,
119,133,1_3_5_Dwash Sep 30_13.raw,1333.6,131.390953,158253,c17:0,(09/30/13 19:52:00),4.11E-11,2.69E-11,3.24E-11,3.35E-11,8.37E-09,0.276,1,Dwash,1.3.5.0.0,0,0,0.000380731,0.029946611,5.27E-05,Total Biomass,
198,213,1_3_5_Dwash Sep 30_13.raw,1475.8,3648.171709,4140486.5,c18:2w6,(09/30/13 19:52:00),1.08E-09,7.04E-10,8.48E-10,8.76E-10,2.19E-07,0.276,1,Dwash,1.3.5.0.0,0,0,0.039387858,0.754088103,0.030839099,Fungi,
217,232,3_3_1_Dwash Sep 30_13.raw,1476.7,1153.417237,6655454.5,c18:2w6,(09/30/13 17:00:00),1.73E-09,1.13E-09,1.36E-09,1.41E-09,3.52E-07,0.204,1,Dwash,3.3.1.1.1,1,1,0.04077005,1.684825587,0.022178812,Fungi,
203,218,1_4_1_Dwash Sep 30_13.raw,1478.4,1392.657804,11656445,c18:2w6,(09/30/13 18:26:00),3.03E-09,1.98E-09,2.39E-09,2.47E-09,6.17E-07,0.0766,1,Dwash,1.4.1.0.1,0,1,0.210739028,7.838018273,0.124023253,Fungi,
169,184,1_3_5_Dwash Sep 30_13.raw,1488.8,1363.432024,1546042.25,c18:1w9,(09/30/13 19:52:00),4.02E-10,2.63E-10,3.17E-10,3.27E-10,8.18E-08,0.276,1,Dwash,1.3.5.0.0,0,0,0.007665162,0.288615809,0.00446573,Fungi,
188,203,3_3_1_Dwash Sep 30_13.raw,1489.4,549.0007149,2442617.75,c18:1w9,(09/30/13 17:00:00),6.35E-10,4.15E-10,5.00E-10,5.17E-10,1.29E-07,0.204,1,Dwash,3.3.1.1.1,1,1,0.010835079,0.622475619,0.003996183,Fungi,
174,189,1_4_1_Dwash Sep 30_13.raw,1490.4,564.6867326,4559358.5,c18:1w9,(09/30/13 18:26:00),1.19E-09,7.75E-10,9.34E-10,9.65E-10,2.41E-07,0.0766,1,Dwash,1.4.1.0.1,0,1,0.054397915,3.0938321,0.020401307,Fungi,
148,163,1_3_5_Dwash Sep 30_13.raw,1501.1,384.2509668,1058244.25,c18:1w7,(09/30/13 19:52:00),2.75E-10,1.80E-10,2.17E-10,2.24E-10,5.60E-08,0.276,1,Dwash,1.3.5.0.0,0,0,0.00310626,0.199693912,0.000906702,Gram-negative Bacteria,
162,177,3_3_1_Dwash Sep 30_13.raw,1501.6,366.9449428,1928191.25,c18:1w7,(09/30/13 17:00:00),5.01E-10,3.28E-10,3.95E-10,4.08E-10,1.02E-07,0.204,1,Dwash,3.3.1.1.1,1,1,0.007563107,0.492369454,0.002140871,Gram-negative Bacteria,
152,167,1_4_1_Dwash Sep 30_13.raw,1502.4,189.4424608,3196839,c18:1w7,(09/30/13 18:26:00),8.31E-10,5.43E-10,6.55E-10,6.76E-10,1.69E-07,0.0766,1,Dwash,1.4.1.0.1,0,1,0.029115127,2.178297273,0.005173676,Gram-negative Bacteria,
130,144,1_3_5_Dwash Sep 30_13.raw,1548.3,359.664146,655139.5,c18:0,(09/30/13 19:52:00),1.70E-10,1.11E-10,1.34E-10,1.39E-10,3.47E-08,0.276,1,Dwash,1.3.5.0.0,0,0,0.001809138,0.117133193,0.000522204,Total Biomass,
144,158,3_3_1_Dwash Sep 30_13.raw,1548.4,211.7295003,813216,c18:0,(09/30/13 17:00:00),2.11E-10,1.38E-10,1.67E-10,1.72E-10,4.30E-08,0.204,1,Dwash,3.3.1.1.1,1,1,0.00275217,0.201487219,0.000542338,Total Biomass,
134,148,1_4_1_Dwash Sep 30_13.raw,1548.8,171.7109426,1492371,c18:0,(09/30/13 18:26:00),3.88E-10,2.54E-10,3.06E-10,3.16E-10,7.89E-08,0.0766,1,Dwash,1.4.1.0.1,0,1,0.013311497,1.010560861,0.002233391,Total Biomass,
314,331,1_3_5_Dwash Sep 30_13.raw,1758,-24.57146378,600890,cyc19:0,(09/30/13 19:52:00),1.56E-10,1.02E-10,1.23E-10,1.27E-10,3.18E-08,0.276,1,Dwash,1.3.5.0.0,0,0,0.001248523,0.113905039,2.95E-06,Gram-negative Bacteria,
403,562,1_3_5_Dwash Sep 30_13.raw,1770.8,17.66093599,1099653,UF10,(09/30/13 19:52:00),2.86E-10,1.87E-10,2.25E-10,2.33E-10,5.82E-08,0.276,1,Dwash,1.3.5.0.0,0,0,0.002382654,0.208353022,0.000107618,Unclassified,
413,572,3_3_1_Dwash Sep 30_13.raw,1771.1,111.6034595,1483131.5,UF10,(09/30/13 17:00:00),3.86E-10,2.52E-10,3.04E-10,3.14E-10,7.84E-08,0.204,1,Dwash,3.3.1.1.1,1,1,0.004744142,0.379795373,0.000592775,Unclassified,
406,565,1_4_1_Dwash Sep 30_13.raw,1772.1,12.66147559,3157954,UF10,(09/30/13 18:26:00),8.21E-10,5.37E-10,6.47E-10,6.68E-10,1.67E-07,0.0766,1,Dwash,1.4.1.0.1,0,1,0.024534475,2.156027893,0.000993813,Unclassified,
259,274,1_3_5_Dwash Sep 30_13.raw,1903.4,-5.427171066,571408,c20:4w6,(09/30/13 19:52:00),1.49E-10,9.71E-11,1.17E-10,1.21E-10,3.02E-08,0.276,1,Dwash,1.3.5.0.0,0,0,0.00121031,0.108293371,3.48E-05,General Eukaryotes,
267,282,3_3_1_Dwash Sep 30_13.raw,1903.8,65.44209073,736919.5,c20:4w6,(09/30/13 17:00:00),1.92E-10,1.25E-10,1.51E-10,1.56E-10,3.90E-08,0.204,1,Dwash,3.3.1.1.1,1,1,0.00226048,0.18880462,0.000209425,General Eukaryotes,
261,276,1_4_1_Dwash Sep 30_13.raw,1904,22.36787164,1088441,c20:4w6,(09/30/13 18:26:00),2.83E-10,1.85E-10,2.23E-10,2.30E-10,5.76E-08,0.0766,1,Dwash,1.4.1.0.1,0,1,0.008536345,0.743030488,0.00046839,General Eukaryotes,
253,268,3_3_1_Dwash Sep 30_13.raw,1949.5,1147.519177,411477,c20:3w3,(09/30/13 17:00:00),1.07E-10,6.99E-11,8.43E-11,8.71E-11,2.18E-08,0.204,1,Dwash,3.3.1.1.1,1,1,0.002513889,0.104171976,0.001362242,General Eukaryotes,
241,256,3_3_1_Dwash Sep 30_13.raw,2099.9,25.34398085,620677,c20:0,(09/30/13 17:00:00),1.61E-10,1.05E-10,1.27E-10,1.31E-10,3.28E-08,0.204,1,Dwash,3.3.1.1.1,1,1,0.001833071,0.159093207,8.85E-05,Plant,
233,248,1_4_1_Dwash Sep 30_13.raw,2100,38.71381713,481773.5,c20:0,(09/30/13 18:26:00),1.25E-10,8.19E-11,9.86E-11,1.02E-10,2.55E-08,0.0766,1,Dwash,1.4.1.0.1,0,1,0.003838131,0.328825728,0.000231861,Plant,
230,245,1_3_5_Dwash Sep 30_13.raw,2100.1,7.042505239,671999,c20:0,(09/30/13 19:52:00),1.75E-10,1.14E-10,1.38E-10,1.42E-10,3.55E-08,0.276,1,Dwash,1.3.5.0.0,0,0,0.00144102,0.127339753,4.50E-05,Plant,
269,284,1_3_5_Dwash Sep 30_13.raw,2285.6,34.95360706,285225,c21:0,(09/30/13 19:52:00),7.41E-11,4.85E-11,5.84E-11,6.03E-11,1.51E-08,0.276,1,Dwash,1.3.5.0.0,0,0,0.000628387,0.054031658,3.72E-05,Plant,
279,294,1_4_1_Dwash Sep 30_13.raw,2440.7,66.03860653,986608.5,c22:0,(09/30/13 18:26:00),2.56E-10,1.68E-10,2.02E-10,2.09E-10,5.22E-08,0.0766,1,Dwash,1.4.1.0.1,0,1,0.008064306,0.673187342,0.000498101,Plant,
290,305,3_3_1_Dwash Sep 30_13.raw,2440.7,59.99412399,816318,c22:0,(09/30/13 17:00:00),2.12E-10,1.39E-10,1.67E-10,1.73E-10,4.32E-08,0.204,1,Dwash,3.3.1.1.1,1,1,0.002491379,0.209159798,0.000140711,Plant,
275,290,1_3_5_Dwash Sep 30_13.raw,2440.8,72.27477163,1088920.5,c22:0,(09/30/13 19:52:00),2.83E-10,1.85E-10,2.23E-10,2.30E-10,5.76E-08,0.276,1,Dwash,1.3.5.0.0,0,0,0.002484512,0.206194405,0.000166855,Plant,
424,583,3_3_1_Dwash Sep 30_13.raw,2461,-59.53437126,216974.5,UF11,(09/30/13 17:00:00),5.64E-11,3.69E-11,4.44E-11,4.59E-11,1.15E-08,0.204,1,Dwash,3.3.1.1.1,1,1,0.000465424,0.044336727,0,Unclassified,
415,574,1_3_5_Dwash Sep 30_13.raw,2461.1,-27.77393953,472749.75,UF11,(09/30/13 19:52:00),1.23E-10,8.04E-11,9.68E-11,1.00E-10,2.50E-08,0.276,1,Dwash,1.3.5.0.0,0,0,0.000856199,0.078286778,1.97E-06,Unclassified,
302,318,1_3_5_Dwash Sep 30_13.raw,2565.3,134.7915875,169087.5,c23:0,(09/30/13 19:52:00),4.40E-11,2.87E-11,3.46E-11,3.58E-11,8.94E-09,0.276,1,Dwash,1.3.5.0.0,0,0,0.000408005,0.031995643,5.75E-05,Plant,
310,326,3_3_1_Dwash Sep 30_13.raw,2565.3,184.0605734,216951,c23:0,(09/30/13 17:00:00),5.64E-11,3.69E-11,4.44E-11,4.59E-11,1.15E-08,0.204,1,Dwash,3.3.1.1.1,1,1,0.000738609,0.055511449,0.000130175,Plant,
437,597,3_3_1_Dwash Sep 30_13.raw,2598,-49.16130994,220840,UF12,(09/30/13 17:00:00),5.74E-11,3.75E-11,4.52E-11,4.67E-11,1.17E-08,0.204,1,Dwash,3.3.1.1.1,1,1,0.000605325,0.056653055,0,Unclassified,
429,589,1_3_5_Dwash Sep 30_13.raw,2598.1,-131.2094306,218889,UF12,(09/30/13 19:52:00),5.69E-11,3.72E-11,4.48E-11,4.63E-11,1.16E-08,0.276,1,Dwash,1.3.5.0.0,0,0,0.000405565,0.04154196,0,Unclassified,
38,38,1_3_5_Dwash Sep 30_13.raw,2674,188.4832081,770120.5,c24:0,(09/30/13 19:52:00),2.00E-10,1.31E-10,1.58E-10,1.63E-10,4.07E-08,0.276,1,Dwash,1.3.5.0.0,0,0,0.001945049,0.145639565,0.000308032,Plant,
42,42,1_4_1_Dwash Sep 30_13.raw,2674,220.0662443,887731,c24:0,(09/30/13 18:26:00),2.31E-10,1.51E-10,1.82E-10,1.88E-10,4.70E-08,0.0766,1,Dwash,1.4.1.0.1,0,1,0.00829033,0.604686556,0.001491156,Plant,
54,54,3_3_1_Dwash Sep 30_13.raw,2674,228.7574418,715266.5,c24:0,(09/30/13 17:00:00),1.86E-10,1.22E-10,1.46E-10,1.51E-10,3.78E-08,0.204,1,Dwash,3.3.1.1.1,1,1,0.002525794,0.182925215,0.000468761,Plant,
386,544,1_4_1_Rcf Sep 23_13.raw,592.1,-30.65846632,1693884,UF1,(09/25/13 15:35:00),4.40E-10,2.88E-10,3.47E-10,3.58E-10,8.96E-08,0.34,1,Rcf,1.4.1.0.1,0,1,0.00199766,0.183562422,0,Unclassified,
389,547,2_2_2_Rcf_cont Sep 23_13.raw,592.1,-29.48634979,1477982.75,UF1,(09/25/13 05:24:00),3.84E-10,2.51E-10,3.03E-10,3.13E-10,7.82E-08,0.406,1,Rcf,1.3.5.0.0,0,0,0.00123549,0.113361259,0,Unclassified,
444,604,1_4_1_Rcf Sep 23_13.raw,838.1,-18.51104828,374875,UF2,(09/25/13 15:35:00),9.75E-11,6.37E-11,7.68E-11,7.93E-11,1.98E-08,0.34,1,Rcf,1.4.1.0.1,0,1,0.000636178,0.057681341,2.23E-06,Unclassified,
26,26,1_4_1_Rcf Sep 23_13.raw,884.4,-32.06215001,775555.25,c14:0,(09/25/13 15:35:00),2.02E-10,1.32E-10,1.59E-10,1.64E-10,4.10E-08,0.34,1,Rcf,1.4.1.0.1,0,1,0.001298173,0.119351266,0,Total Biomass,
28,28,2_2_2_Rcf_cont Sep 23_13.raw,884.4,-46.06588301,260918.5,c14:0,(09/25/13 05:24:00),6.78E-11,4.43E-11,5.34E-11,5.52E-11,1.38E-08,0.406,1,Rcf,1.3.5.0.0,0,0,0.000360509,0.03363099,0,Total Biomass,
343,360,2_2_2_Rcf_cont Sep 23_13.raw,965.5,9.585135608,94828,i15:0,(09/25/13 05:24:00),2.47E-11,1.61E-11,1.94E-11,2.01E-11,5.02E-09,0.406,1,Rcf,1.3.5.0.0,0,0,0.000138581,0.012215261,5.00E-06,Gram-positive Bacteria,
341,358,1_4_1_Rcf Sep 23_13.raw,965.8,-19.02688921,2523276.75,i15:0,(09/25/13 15:35:00),6.56E-10,4.29E-10,5.17E-10,5.34E-10,1.33E-07,0.34,1,Rcf,1.4.1.0.1,0,1,0.004279879,0.388254277,3.56E-05,Gram-positive Bacteria,
10,10,1_4_1_Rcf Sep 23_13.raw,976.2,-17.76906333,1040316.75,a15:0,(09/25/13 15:35:00),2.70E-10,1.77E-10,2.13E-10,2.20E-10,5.50E-08,0.34,1,Rcf,1.4.1.0.1,0,1,0.001766781,0.160070345,1.87E-05,Gram-positive Bacteria,
12,12,2_2_2_Rcf_cont Sep 23_13.raw,976.2,21.78566099,119079,a15:0,(09/25/13 05:24:00),3.10E-11,2.02E-11,2.44E-11,2.52E-11,6.30E-09,0.406,1,Rcf,1.3.5.0.0,0,0,0.0001761,0.015337072,8.54E-06,Gram-positive Bacteria,
64,77,1_4_1_Rcf Sep 23_13.raw,1013.2,30.0628469,316918.25,c15:0,(09/25/13 15:35:00),8.24E-11,5.39E-11,6.49E-11,6.70E-11,1.68E-08,0.34,1,Rcf,1.4.1.0.1,0,1,0.000564136,0.048737328,3.19E-05,Total Biomass,
66,79,2_2_2_Rcf_cont Sep 23_13.raw,1013.3,20.09018678,98694.5,c15:0,(09/25/13 05:24:00),2.57E-11,1.68E-11,2.02E-11,2.09E-11,5.22E-09,0.406,1,Rcf,1.3.5.0.0,0,0,0.000145715,0.01271184,6.90E-06,Total Biomass,
356,373,1_4_1_Rcf Sep 23_13.raw,1101.6,-20.81687445,689315.75,i16:0,(09/25/13 15:35:00),1.79E-10,1.17E-10,1.41E-10,1.46E-10,3.65E-08,0.34,1,Rcf,1.4.1.0.1,0,1,0.001167079,0.106066492,7.59E-06,Gram-positive Bacteria,
111,125,2_2_2_Rcf_cont Sep 23_13.raw,1126.2,40.24382492,128650.25,c16:1w9,(09/25/13 05:24:00),3.34E-11,2.19E-11,2.63E-11,2.72E-11,6.80E-09,0.406,1,Rcf,1.3.5.0.0,0,0,0.000193652,0.016566428,1.14E-05,Gram-negative Bacteria,
108,122,1_4_1_Rcf Sep 23_13.raw,1126.6,-1.574313072,1651310,c16:1w9,(09/25/13 15:35:00),4.29E-10,2.81E-10,3.38E-10,3.49E-10,8.73E-08,0.34,1,Rcf,1.4.1.0.1,0,1,0.002850162,0.254036276,5.73E-05,Gram-negative Bacteria,
457,617,2_2_2_Rcf_cont Sep 23_13.raw,1140.9,36.25714724,76793,UF3,(09/25/13 05:24:00),2.00E-11,1.31E-11,1.57E-11,1.62E-11,4.06E-09,0.406,1,Rcf,1.3.5.0.0,0,0,0.000115156,0.009889153,6.87E-06,Unclassified,
456,616,1_4_1_Rcf Sep 23_13.raw,1141.4,-11.03569154,2439366.75,UF3,(09/25/13 15:35:00),6.34E-10,4.15E-10,4.99E-10,5.16E-10,1.29E-07,0.34,1,Rcf,1.4.1.0.1,0,1,0.004170889,0.375309787,6.34E-05,Unclassified,
87,100,2_2_2_Rcf_cont Sep 23_13.raw,1158.6,199.3220286,1248289.5,c16:0,(09/25/13 05:24:00),3.25E-10,2.12E-10,2.56E-10,2.64E-10,6.60E-08,0.406,1,Rcf,1.3.5.0.0,0,0,0.001937376,0.149135426,0.000287218,Total Biomass,
83,96,1_4_1_Rcf Sep 23_13.raw,1159.8,53.02139941,6199614.5,c16:0,(09/25/13 15:35:00),1.61E-09,1.05E-09,1.27E-09,1.31E-09,3.28E-07,0.34,1,Rcf,1.4.1.0.1,0,1,0.011053674,0.941841101,0.000645267,Total Biomass,
466,626,1_4_1_Rcf Sep 23_13.raw,1214.8,166.8476966,553049.75,UF5,(09/25/13 15:35:00),1.44E-10,9.40E-11,1.13E-10,1.17E-10,2.93E-08,0.34,1,Rcf,1.4.1.0.1,0,1,0.001113503,0.084921814,0.000152349,Unclassified,
480,640,2_2_2_Rcf_cont Sep 23_13.raw,1223,-22.96203607,273752.25,UF6,(09/25/13 05:24:00),7.12E-11,4.65E-11,5.61E-11,5.79E-11,1.45E-08,0.406,1,Rcf,1.3.5.0.0,0,0,0.000387303,0.03527613,1.68E-06,Unclassified,
476,636,1_4_1_Rcf Sep 23_13.raw,1223.2,-12.66934379,877279.25,UF6,(09/25/13 15:35:00),2.28E-10,1.49E-10,1.80E-10,1.86E-10,4.64E-08,0.34,1,Rcf,1.4.1.0.1,0,1,0.001497543,0.134976615,2.19E-05,Unclassified,
496,656,1_4_1_Rcf Sep 23_13.raw,1231.6,-15.18739201,833219.75,UF7,(09/25/13 15:35:00),2.17E-10,1.42E-10,1.71E-10,1.76E-10,4.41E-08,0.34,1,Rcf,1.4.1.0.1,0,1,0.001418744,0.128201287,1.41E-05,Unclassified,
369,386,1_4_1_Rcf Sep 23_13.raw,1266.1,-18.64378266,674429.75,i17:0,(09/25/13 15:35:00),1.75E-10,1.15E-10,1.38E-10,1.43E-10,3.57E-08,0.34,1,Rcf,1.4.1.0.1,0,1,0.001144382,0.103773445,4.85E-06,Gram-positive Bacteria,
513,673,1_4_1_Rcf Sep 23_13.raw,1281.7,-17.4204293,592027.5,UF8,(09/25/13 15:35:00),1.54E-10,1.01E-10,1.21E-10,1.25E-10,3.13E-08,0.34,1,Rcf,1.4.1.0.1,0,1,0.001005799,0.091093101,8.45E-06,Unclassified,
516,676,2_2_2_Rcf_cont Sep 23_13.raw,1281.8,186.7098352,205895.25,UF8,(09/25/13 05:24:00),5.35E-11,3.50E-11,4.22E-11,4.36E-11,1.09E-08,0.406,1,Rcf,1.3.5.0.0,0,0,0.000352989,0.026470284,6.25E-05,Unclassified,
127,141,2_2_2_Rcf_cont Sep 23_13.raw,1296.2,-22.45139964,352735.25,c17:1w7,(09/25/13 05:24:00),9.17E-11,6.00E-11,7.22E-11,7.46E-11,1.87E-08,0.406,1,Rcf,1.3.5.0.0,0,0,0.000499305,0.045453742,2.25E-06,Gram-negative Bacteria,
324,341,1_4_1_Rcf Sep 23_13.raw,1308,-12.17397346,813579.5,cyc17:0,(09/25/13 15:35:00),2.12E-10,1.38E-10,1.67E-10,1.72E-10,4.30E-08,0.34,1,Rcf,1.4.1.0.1,0,1,0.001389495,0.125175196,5.69E-07,Gram-negative Bacteria,
327,344,2_2_2_Rcf_cont Sep 23_13.raw,1308.4,30.11865991,125616.25,cyc17:0,(09/25/13 05:24:00),3.27E-11,2.14E-11,2.57E-11,2.66E-11,6.64E-09,0.406,1,Rcf,1.3.5.0.0,0,0,0.000187266,0.016177556,7.68E-06,Gram-negative Bacteria,
208,223,2_2_2_Rcf_cont Sep 23_13.raw,1476.6,180.3892914,2114899.5,c18:2w6,(09/25/13 05:24:00),5.50E-10,3.59E-10,4.33E-10,4.47E-10,1.12E-07,0.406,1,Rcf,1.3.5.0.0,0,0,0.003606748,0.271914555,0.000638334,Fungi,
204,219,1_4_1_Rcf Sep 23_13.raw,1478.2,384.1764205,7288399,c18:2w6,(09/25/13 15:35:00),1.89E-09,1.24E-09,1.49E-09,1.54E-09,3.85E-07,0.34,1,Rcf,1.4.1.0.1,0,1,0.017365653,1.116455893,0.005150076,Fungi,
179,194,2_2_2_Rcf_cont Sep 23_13.raw,1490,182.3777119,793352.5,c18:1w9,(09/25/13 05:24:00),2.06E-10,1.35E-10,1.62E-10,1.68E-10,4.20E-08,0.406,1,Rcf,1.3.5.0.0,0,0,0.001355232,0.101999804,0.000239138,Fungi,
175,190,1_4_1_Rcf Sep 23_13.raw,1490.8,36.18178594,2577561.5,c18:1w9,(09/25/13 15:35:00),6.70E-10,4.38E-10,5.28E-10,5.45E-10,1.36E-07,0.34,1,Rcf,1.4.1.0.1,0,1,0.004615174,0.396363802,0.000285145,Fungi,
156,171,2_2_2_Rcf_cont Sep 23_13.raw,1502.4,37.65659728,245964.5,c18:1w7,(09/25/13 05:24:00),6.39E-11,4.18E-11,5.04E-11,5.20E-11,1.30E-08,0.406,1,Rcf,1.3.5.0.0,0,0,0.00036933,0.031674017,2.18E-05,Gram-negative Bacteria,
153,168,1_4_1_Rcf Sep 23_13.raw,1503.2,19.84615151,2707941,c18:1w7,(09/25/13 15:35:00),7.04E-10,4.60E-10,5.54E-10,5.73E-10,1.43E-07,0.34,1,Rcf,1.4.1.0.1,0,1,0.004773047,0.416488447,0.000204072,Gram-negative Bacteria,
137,151,2_2_2_Rcf_cont Sep 23_13.raw,1549.8,86.05272669,196600,c18:0,(09/25/13 05:24:00),5.11E-11,3.34E-11,4.03E-11,4.16E-11,1.04E-08,0.406,1,Rcf,1.3.5.0.0,0,0,0.000228561,0.018776246,2.29E-05,Total Biomass,
135,149,1_4_1_Rcf Sep 23_13.raw,1549.9,0.400538084,1160328,c18:0,(09/25/13 15:35:00),3.02E-10,1.97E-10,2.38E-10,2.45E-10,6.14E-08,0.34,1,Rcf,1.4.1.0.1,0,1,0.001926396,0.171972793,4.48E-05,Total Biomass,
527,687,1_4_1_Rcf Sep 23_13.raw,1633.2,8.585496721,619909.5,UF9,(09/25/13 15:35:00),1.61E-10,1.05E-10,1.27E-10,1.31E-10,3.28E-08,0.34,1,Rcf,1.4.1.0.1,0,1,0.00108073,0.095355641,3.76E-05,Unclassified,
316,333,2_2_2_Rcf_cont Sep 23_13.raw,1760.2,-18.82188695,279560,cyc19:0,(09/25/13 05:24:00),7.27E-11,4.75E-11,5.72E-11,5.91E-11,1.48E-08,0.406,1,Rcf,1.3.5.0.0,0,0,0.000397177,0.036022868,3.24E-06,Gram-negative Bacteria,
408,567,2_2_2_Rcf_cont Sep 23_13.raw,1772.3,-21.17252572,195323,UF10,(09/25/13 05:24:00),5.08E-11,3.32E-11,4.00E-11,4.13E-11,1.03E-08,0.406,1,Rcf,1.3.5.0.0,0,0,0.000276842,0.025169118,2.14E-06,Unclassified,
407,566,1_4_1_Rcf Sep 23_13.raw,1773.4,-15.7159749,2240756.5,UF10,(09/25/13 15:35:00),5.83E-10,3.81E-10,4.59E-10,4.74E-10,1.19E-07,0.34,1,Rcf,1.4.1.0.1,0,1,0.003813367,0.344770458,5.02E-05,Unclassified,
262,277,1_4_1_Rcf Sep 23_13.raw,1906.2,-19.30776578,1163328,c20:4w6,(09/25/13 15:35:00),3.02E-10,1.98E-10,2.38E-10,2.46E-10,6.15E-08,0.34,1,Rcf,1.4.1.0.1,0,1,0.001972631,0.17900077,2.99E-05,General Eukaryotes,
249,264,2_2_2_Rcf_cont Sep 23_13.raw,1951.6,62.92110775,178217.5,c20:3w3,(09/25/13 05:24:00),4.63E-11,3.03E-11,3.65E-11,3.77E-11,9.43E-09,0.406,1,Rcf,1.3.5.0.0,0,0,0.000274043,0.022943476,2.34E-05,General Eukaryotes,
234,249,1_4_1_Rcf Sep 23_13.raw,2101.4,-26.70169325,920822,c20:0,(09/25/13 15:35:00),2.39E-10,1.57E-10,1.89E-10,1.95E-10,4.87E-08,0.34,1,Rcf,1.4.1.0.1,0,1,0.001549773,0.141698123,0,Plant,
236,251,2_2_2_Rcf_cont Sep 23_13.raw,2101.5,25.93594821,429408.5,c20:0,(09/25/13 05:24:00),1.12E-10,7.30E-11,8.79E-11,9.08E-11,2.27E-08,0.406,1,Rcf,1.3.5.0.0,0,0,0.000637582,0.055304173,3.11E-05,Plant,
271,286,2_2_2_Rcf_cont Sep 23_13.raw,2286.7,110.3072207,234560,c21:0,(09/25/13 05:24:00),6.10E-11,3.99E-11,4.80E-11,4.96E-11,1.24E-08,0.406,1,Rcf,1.3.5.0.0,0,0,0.000376561,0.03018105,4.60E-05,Plant,
296,311,2_2_2_Rcf_cont Sep 23_13.raw,2389.2,-34.85028279,197950.5,c22:2,(09/25/13 05:24:00),5.15E-11,3.36E-11,4.05E-11,4.19E-11,1.05E-08,0.406,1,Rcf,1.3.5.0.0,0,0,0.000202451,0.018614964,3.17E-06,General Eukaryotes,
280,295,1_4_1_Rcf Sep 23_13.raw,2441.5,-25.36462903,1197820.5,c22:0,(09/25/13 15:35:00),3.11E-10,2.04E-10,2.45E-10,2.53E-10,6.34E-08,0.34,1,Rcf,1.4.1.0.1,0,1,0.00201871,0.184320524,0,Plant,
283,298,2_2_2_Rcf_cont Sep 23_13.raw,2441.6,59.02298113,735928.75,c22:0,(09/25/13 05:24:00),1.91E-10,1.25E-10,1.51E-10,1.56E-10,3.89E-08,0.406,1,Rcf,1.3.5.0.0,0,0,0.001127527,0.094746555,6.27E-05,Plant,
421,580,2_2_2_Rcf_cont Sep 23_13.raw,2461.7,-31.05070406,162219.75,UF11,(09/25/13 05:24:00),4.22E-11,2.76E-11,3.32E-11,3.43E-11,8.58E-09,0.406,1,Rcf,1.3.5.0.0,0,0,0.000104743,0.009574648,2.68E-07,Unclassified,
304,320,1_4_1_Rcf Sep 23_13.raw,2565.6,-28.85937553,285395,c23:0,(09/25/13 15:35:00),7.42E-11,4.85E-11,5.84E-11,6.04E-11,1.51E-08,0.34,1,Rcf,1.4.1.0.1,0,1,0.000479276,0.043918266,0,Plant,
306,322,2_2_2_Rcf_cont Sep 23_13.raw,2565.9,18.48410429,120171.5,c23:0,(09/25/13 05:24:00),3.12E-11,2.04E-11,2.46E-11,2.54E-11,6.36E-09,0.406,1,Rcf,1.3.5.0.0,0,0,0.000177148,0.015478351,7.81E-06,Plant,
431,591,1_4_1_Rcf Sep 23_13.raw,2598.3,-55.67668816,307614.75,UF12,(09/25/13 15:35:00),8.00E-11,5.23E-11,6.30E-11,6.51E-11,1.63E-08,0.34,1,Rcf,1.4.1.0.1,0,1,0.000502475,0.047351688,0,Unclassified,
433,593,2_2_2_Rcf_cont Sep 23_13.raw,2598.7,-22.54610131,166121.25,UF12,(09/25/13 05:24:00),4.32E-11,2.82E-11,3.40E-11,3.51E-11,8.79E-09,0.406,1,Rcf,1.3.5.0.0,0,0,0.000235126,0.021406537,1.04E-06,Unclassified,
43,43,1_4_1_Rcf Sep 23_13.raw,2674.3,-27.76770637,992461.5,c24:0,(09/25/13 15:35:00),2.58E-10,1.69E-10,2.03E-10,2.10E-10,5.25E-08,0.34,1,Rcf,1.4.1.0.1,0,1,0.001668535,0.152723977,0,Plant,
47,47,2_2_2_Rcf_cont Sep 23_13.raw,2674.5,120.4565476,636005.25,c24:0,(09/25/13 05:24:00),1.65E-10,1.08E-10,1.30E-10,1.35E-10,3.36E-08,0.406,1,Rcf,1.3.5.0.0,0,0,0.001030256,0.081826161,0.000111208,Plant,
398,556,3_3_1_Rcf Sep 23_13.raw,592.1,-29.76750707,1642501,UF1,(09/25/13 14:30:00),4.24E-10,2.77E-10,3.34E-10,3.48E-10,8.69E-08,0.32,1,Rcf,3.3.1.1.1,1,1,0.001453953,0.133464119,0,Unclassified,
3981,556,3_3_1_Rcf Sep 23_13.raw,592.1,-21.68108199,331971.125,UF2,(09/25/13 14:30:00),4.24E-10,2.77E-10,3.34E-10,7.03E-11,1.76E-08,0.32,1,Rcf,3.3.1.1.1,1,1,0.00047974,0.043696487,6.25E-07,Unclassified,
3982,556,3_3_1_Rcf Sep 23_13.raw,592.1,-40.45835491,896011.375,c14:0,(09/25/13 14:30:00),4.24E-10,2.77E-10,3.34E-10,1.90E-10,4.74E-08,0.32,1,Rcf,3.3.1.1.1,1,1,0.001262716,0.117545548,0,Total Biomass,
3983,556,3_3_1_Rcf Sep 23_13.raw,592.1,-23.63250718,2712036.25,i15:0,(09/25/13 14:30:00),4.24E-10,2.77E-10,3.34E-10,5.74E-10,1.44E-07,0.32,1,Rcf,3.3.1.1.1,1,1,0.003790529,0.345783321,1.07E-05,Gram-positive Bacteria,
3984,556,3_3_1_Rcf Sep 23_13.raw,592.1,-24.1189615,1221594.625,a15:0,(09/25/13 14:30:00),4.24E-10,2.77E-10,3.34E-10,2.59E-10,6.46E-08,0.32,1,Rcf,3.3.1.1.1,1,1,0.001719475,0.157008753,5.65E-06,Gram-positive Bacteria,
3985,556,3_3_1_Rcf Sep 23_13.raw,592.1,4.981249021,336552.375,c15:0,(09/25/13 14:30:00),4.24E-10,2.77E-10,3.34E-10,7.12E-11,1.78E-08,0.32,1,Rcf,3.3.1.1.1,1,1,0.000469217,0.04158756,1.52E-05,Total Biomass,
3986,556,3_3_1_Rcf Sep 23_13.raw,592.1,-23.24880867,778085.375,i16:0,(09/25/13 14:30:00),4.24E-10,2.77E-10,3.34E-10,1.65E-10,4.12E-08,0.32,1,Rcf,3.3.1.1.1,1,1,0.001065464,0.097137275,3.62E-06,Gram-positive Bacteria,
3987,556,3_3_1_Rcf Sep 23_13.raw,592.1,-15.07541545,1590956,c16:1w9,(09/25/13 14:30:00),4.24E-10,2.77E-10,3.34E-10,3.37E-10,8.42E-08,0.32,1,Rcf,3.3.1.1.1,1,1,0.002223464,0.201303019,1.38E-05,Gram-negative Bacteria,
3988,556,3_3_1_Rcf Sep 23_13.raw,592.1,-9.1144816,2467536.25,UF3,(09/25/13 14:30:00),4.24E-10,2.77E-10,3.34E-10,5.22E-10,1.31E-07,0.32,1,Rcf,3.3.1.1.1,1,1,0.003535345,0.318941491,4.49E-05,Unclassified,
3989,556,3_3_1_Rcf Sep 23_13.raw,592.1,43.41730021,6056495.5,c16:0,(09/25/13 14:30:00),4.24E-10,2.77E-10,3.34E-10,1.29E-09,3.21E-07,0.32,1,Rcf,3.3.1.1.1,1,1,0.008516477,0.7405659,0.00036041,Total Biomass,
39810,556,3_3_1_Rcf Sep 23_13.raw,592.1,127.4159729,759574.25,UF5,(09/25/13 14:30:00),4.24E-10,2.77E-10,3.34E-10,1.61E-10,4.02E-08,0.32,1,Rcf,3.3.1.1.1,1,1,0.001570676,0.123977885,0.000168094,Unclassified,
39811,556,3_3_1_Rcf Sep 23_13.raw,592.1,-15.57798552,801900.875,UF6,(09/25/13 14:30:00),4.24E-10,2.77E-10,3.34E-10,1.70E-10,4.25E-08,0.32,1,Rcf,3.3.1.1.1,1,1,0.001164369,0.105225841,1.40E-05,Unclassified,
39812,556,3_3_1_Rcf Sep 23_13.raw,592.1,-21.22419788,843291.625,UF7,(09/25/13 14:30:00),4.24E-10,2.77E-10,3.34E-10,1.79E-10,4.46E-08,0.32,1,Rcf,3.3.1.1.1,1,1,0.001235823,0.112218932,6.30E-06,Unclassified,
39813,556,3_3_1_Rcf Sep 23_13.raw,592.1,-16.82712276,854779.125,i17:0,(09/25/13 14:30:00),4.24E-10,2.77E-10,3.34E-10,1.81E-10,4.52E-08,0.32,1,Rcf,3.3.1.1.1,1,1,0.001218546,0.110277814,7.56E-06,Gram-positive Bacteria,
39814,556,3_3_1_Rcf Sep 23_13.raw,592.1,-16.60241434,717556.5,UF8,(09/25/13 14:30:00),4.24E-10,2.77E-10,3.34E-10,1.52E-10,3.80E-08,0.32,1,Rcf,3.3.1.1.1,1,1,0.000994063,0.089937338,9.35E-06,Unclassified,
39815,556,3_3_1_Rcf Sep 23_13.raw,592.1,-21.63704638,1004597.875,cyc17:0,(09/25/13 14:30:00),4.24E-10,2.77E-10,3.34E-10,2.13E-10,5.32E-08,0.32,1,Rcf,3.3.1.1.1,1,1,0.001341297,0.122015078,0,Gram-negative Bacteria,
39816,556,3_3_1_Rcf Sep 23_13.raw,592.1,302.6521299,4951956,c18:2w6,(09/25/13 14:30:00),4.24E-10,2.77E-10,3.34E-10,1.05E-09,2.62E-07,0.32,1,Rcf,3.3.1.1.1,1,1,0.00826687,0.539775036,0.002362371,Fungi,
39817,556,3_3_1_Rcf Sep 23_13.raw,592.1,50.91243789,2536615.25,c18:1w9,(09/25/13 14:30:00),4.24E-10,2.77E-10,3.34E-10,5.37E-10,1.34E-07,0.32,1,Rcf,3.3.1.1.1,1,1,0.003586975,0.304388983,0.000261247,Fungi,
39818,556,3_3_1_Rcf Sep 23_13.raw,592.1,0.068173395,2722291.5,c18:1w7,(09/25/13 14:30:00),4.24E-10,2.77E-10,3.34E-10,5.76E-10,1.44E-07,0.32,1,Rcf,3.3.1.1.1,1,1,0.003807301,0.339915062,7.93E-05,Gram-negative Bacteria,
39819,556,3_3_1_Rcf Sep 23_13.raw,592.1,-2.90432675,1145582.5,c18:0,(09/25/13 14:30:00),4.24E-10,2.77E-10,3.34E-10,2.42E-10,6.06E-08,0.32,1,Rcf,3.3.1.1.1,1,1,0.001529368,0.137622016,2.38E-05,Total Biomass,
39820,556,3_3_1_Rcf Sep 23_13.raw,592.1,-3.926281689,739507.25,UF9,(09/25/13 14:30:00),4.24E-10,2.77E-10,3.34E-10,1.56E-10,3.91E-08,0.32,1,Rcf,3.3.1.1.1,1,1,0.001353005,0.12087872,3.09E-05,Unclassified,
39821,556,3_3_1_Rcf Sep 23_13.raw,592.1,-25.47526058,2512358.25,UF10,(09/25/13 14:30:00),4.24E-10,2.77E-10,3.34E-10,5.32E-10,1.33E-07,0.32,1,Rcf,3.3.1.1.1,1,1,0.003401736,0.31078436,9.90E-06,Unclassified,
39822,556,3_3_1_Rcf Sep 23_13.raw,592.1,-21.23812322,1223775,c20:4w6,(09/25/13 14:30:00),4.24E-10,2.77E-10,3.34E-10,2.59E-10,6.48E-08,0.32,1,Rcf,3.3.1.1.1,1,1,0.001770478,0.161142838,2.16E-05,General Eukaryotes,
39823,556,3_3_1_Rcf Sep 23_13.raw,592.1,-38.34719078,842986,c20:0,(09/25/13 14:30:00),4.24E-10,2.77E-10,3.34E-10,1.78E-10,4.46E-08,0.32,1,Rcf,3.3.1.1.1,1,1,0.00117472,0.110322655,1.16E-05,Plant,
39824,556,3_3_1_Rcf Sep 23_13.raw,592.1,-49.39083872,424636.5,c22:2,(09/25/13 14:30:00),4.24E-10,2.77E-10,3.34E-10,8.98E-11,2.25E-08,0.32,1,Rcf,3.3.1.1.1,1,1,0.000667593,0.062548908,0,General Eukaryotes,
39825,556,3_3_1_Rcf Sep 23_13.raw,592.1,-16.43403298,1095716,c22:0,(09/25/13 14:30:00),4.24E-10,2.77E-10,3.34E-10,2.32E-10,5.80E-08,0.32,1,Rcf,3.3.1.1.1,1,1,0.001557845,0.140910595,0,Plant,
39826,556,3_3_1_Rcf Sep 23_13.raw,592.1,-36.30766558,286746.5,c23:0,(09/25/13 14:30:00),4.24E-10,2.77E-10,3.34E-10,6.07E-11,1.52E-08,0.32,1,Rcf,3.3.1.1.1,1,1,0.000390816,0.036097957,0,Plant,
39827,556,3_3_1_Rcf Sep 23_13.raw,592.1,-65.23874291,298262.25,UF12,(09/25/13 14:30:00),4.24E-10,2.77E-10,3.34E-10,6.31E-11,1.58E-08,0.32,1,Rcf,3.3.1.1.1,1,1,0.000396005,0.037615051,0,Unclassified,
39828,556,3_3_1_Rcf Sep 23_13.raw,592.1,-18.57360479,895182.75,c24:0,(09/25/13 14:30:00),4.24E-10,2.77E-10,3.34E-10,1.89E-10,4.74E-08,0.32,1,Rcf,3.3.1.1.1,1,1,0.001245241,0.113165065,0,Plant,
388,546,2_2_2 Recm Oct 2_13.raw,591.4,-28.31755134,1700743.25,UF1,(10/03/13 12:09:00),4.42E-10,2.89E-10,3.48E-10,3.60E-10,9.00E-08,0.0052,1,Recm,1.1.1.1.1,1,1,0.186008223,17.03527726,0,Unclassified, 
399,557,3_3_2_Recm Sep 23_13.raw,592.2,-145.3986928,272222.5,UF1,(09/25/13 11:12:00),7.08E-11,4.63E-11,5.57E-11,5.76E-11,1.44E-08,0.0015,1,Recm,3.3.2.1.0,1,0,0.090463384,9.430548551,0,Unclassified,
27,27,2_2_2 Recm Oct 2_13.raw,882.2,23.74780631,254813.25,c14:0,(10/03/13 12:09:00),6.62E-11,4.33E-11,5.22E-11,5.39E-11,1.35E-08,0.0052,1,Recm,1.1.1.1.1,1,1,0.029477701,2.562373985,0.001442693,Total Biomass,
342,359,2_2_2 Recm Oct 2_13.raw,963.1,-155.9540676,105122.5,i15:0,(10/03/13 12:09:00),2.73E-11,1.79E-11,2.15E-11,2.22E-11,5.56E-09,0.0052,1,Recm,1.1.1.1.1,1,1,0.010046349,1.05921488,0,Gram-positive Bacteria,
11,11,2_2_2 Recm Oct 2_13.raw,973.6,-56.75742376,131212.125,a15:0,(10/03/13 12:09:00),3.41E-11,2.23E-11,2.69E-11,2.78E-11,6.94E-09,0.0052,1,Recm,1.1.1.1.1,1,1,0.013997954,1.320635811,0,Gram-positive Bacteria,
65,78,2_2_2 Recm Oct 2_13.raw,1010.7,341.5181873,105825,c15:0,(10/03/13 12:09:00),2.75E-11,1.80E-11,2.17E-11,2.24E-11,5.60E-09,0.0052,1,Recm,1.1.1.1.1,1,1,0.015985749,1.06042101,0.004364651,Total Biomass,
110,124,2_2_2 Recm Oct 2_13.raw,1123,0.504957104,144473,c16:1w9,(10/03/13 12:09:00),3.76E-11,2.46E-11,2.96E-11,3.06E-11,7.64E-09,0.0052,1,Recm,1.1.1.1.1,1,1,0.016337918,1.453179812,0.000361473,Gram-negative Bacteria,
86,99,2_2_2 Recm Oct 2_13.raw,1155.2,191.1507032,1324647.5,c16:0,(10/03/13 12:09:00),3.44E-10,2.25E-10,2.71E-10,2.80E-10,7.01E-08,0.0052,1,Recm,1.1.1.1.1,1,1,0.177741545,13.28445804,0.030694824,Total Biomass,
98,111,3_3_2_Recm Sep 23_13.raw,1158.2,1189.88771,694959,c16:0,(09/25/13 11:12:00),1.81E-10,1.18E-10,1.42E-10,1.47E-10,3.68E-08,0.0015,1,Recm,3.3.2.1.0,1,0,0.588322373,23.90539311,0.32077913,Total Biomass,
479,639,2_2_2 Recm Oct 2_13.raw,1219.1,-4.241036832,287104.5,UF6,(10/03/13 12:09:00),7.46E-11,4.88E-11,5.88E-11,6.07E-11,1.52E-08,0.0052,1,Recm,1.1.1.1.1,1,1,0.032315279,2.887989229,0.000738389,Unclassified,
487,647,3_3_2_Recm Sep 23_13.raw,1222.5,-15.75304096,170681.75,UF6,(09/25/13 11:12:00),4.44E-11,2.90E-11,3.49E-11,3.61E-11,9.03E-09,0.0015,1,Recm,3.3.2.1.0,1,0,0.065837373,5.952649405,0.000760224,Unclassified,
515,675,2_2_2 Recm Oct 2_13.raw,1277.7,177.6476257,206436.5,UF8,(10/03/13 12:09:00),5.37E-11,3.51E-11,4.23E-11,4.37E-11,1.09E-08,0.0052,1,Recm,1.1.1.1.1,1,1,0.027424491,2.07235953,0.004685738,Unclassified,
126,140,2_2_2 Recm Oct 2_13.raw,1291.9,-1.264897149,371688.5,c17:1w7,(10/03/13 12:09:00),9.66E-11,6.32E-11,7.61E-11,7.86E-11,1.97E-08,0.0052,1,Recm,1.1.1.1.1,1,1,0.04195935,3.738697525,0.001065519,Gram-negative Bacteria,
326,343,2_2_2 Recm Oct 2_13.raw,1305.1,-14.22427519,285543,cyc17:0,(10/03/13 12:09:00),7.42E-11,4.85E-11,5.85E-11,6.04E-11,1.51E-08,0.0052,1,Recm,1.1.1.1.1,1,1,0.03182083,2.872600766,0,Gram-negative Bacteria,
207,222,2_2_2 Recm Oct 2_13.raw,1471.5,184.7542019,2218043.75,c18:2w6,(10/03/13 12:09:00),5.77E-10,3.77E-10,4.54E-10,4.69E-10,1.17E-07,0.0052,1,Recm,1.1.1.1.1,1,1,0.296415469,22.26457943,0.053347614,Fungi,
219,234,3_3_2_Recm Sep 23_13.raw,1476.3,524.7744386,2996658.5,c18:2w6,(09/25/13 11:12:00),7.79E-10,5.09E-10,6.14E-10,6.34E-10,1.58E-07,0.0015,1,Recm,3.3.2.1.0,1,0,1.780012021,103.8865256,0.641580906,Fungi,
178,193,2_2_2 Recm Oct 2_13.raw,1484.9,192.3866381,829947.75,c18:1w9,(10/03/13 12:09:00),2.16E-10,1.41E-10,1.70E-10,1.76E-10,4.39E-08,0.0052,1,Recm,1.1.1.1.1,1,1,0.111617835,8.330256657,0.020457057,Fungi,
190,205,3_3_2_Recm Sep 23_13.raw,1489.4,660.51746,554968.25,c18:1w9,(09/25/13 11:12:00),1.44E-10,9.43E-11,1.14E-10,1.17E-10,2.94E-08,0.0015,1,Recm,3.3.2.1.0,1,0,0.358460124,19.21052763,0.147141636,Fungi,
155,170,2_2_2 Recm Oct 2_13.raw,1497.2,81.68958766,257271.25,c18:1w7,(10/03/13 12:09:00),6.69E-11,4.37E-11,5.27E-11,5.44E-11,1.36E-08,0.0052,1,Recm,1.1.1.1.1,1,1,0.031426286,2.585427128,0.003044065,Gram-negative Bacteria,
136,150,2_2_2 Recm Oct 2_13.raw,1544.3,59.7356166,202884.25,c18:0,(10/03/13 12:09:00),5.27E-11,3.45E-11,4.15E-11,4.29E-11,1.07E-08,0.0052,1,Recm,1.1.1.1.1,1,1,0.024205466,2.032839066,0.001948631,Total Biomass,
315,332,2_2_2 Recm Oct 2_13.raw,1752.8,-16.06848052,311841.25,cyc19:0,(10/03/13 12:09:00),8.11E-11,5.30E-11,6.39E-11,6.60E-11,1.65E-08,0.0052,1,Recm,1.1.1.1.1,1,1,0.034687197,3.13722898,0.000377867,Gram-negative Bacteria,
235,250,2_2_2 Recm Oct 2_13.raw,2096.1,61.70254561,400283.5,c20:0,(10/03/13 12:09:00),1.04E-10,6.80E-11,8.20E-11,8.47E-11,2.12E-08,0.0052,1,Recm,1.1.1.1.1,1,1,0.048002746,4.023510272,0.003865174,Plant,
270,285,2_2_2 Recm Oct 2_13.raw,2282.4,196.4363536,250815.5,c21:0,(10/03/13 12:09:00),6.52E-11,4.26E-11,5.14E-11,5.31E-11,1.33E-08,0.0052,1,Recm,1.1.1.1.1,1,1,0.033844664,2.517343614,0.006249496,Plant,
282,297,2_2_2 Recm Oct 2_13.raw,2438,250.4932128,800642.5,c22:0,(10/03/13 12:09:00),2.08E-10,1.36E-10,1.64E-10,1.69E-10,4.23E-08,0.0052,1,Recm,1.1.1.1.1,1,1,0.112851149,8.030942841,0.022403496,Plant,
420,579,2_2_2 Recm Oct 2_13.raw,2458.1,119.9100054,167308.25,UF11,(10/03/13 12:09:00),4.35E-11,2.84E-11,3.43E-11,3.54E-11,8.85E-09,0.0052,1,Recm,1.1.1.1.1,1,1,0.021027359,1.669306793,0.002782733,Unclassified,
425,584,3_3_2_Recm Sep 23_13.raw,2461.4,4.011198162,136822.75,UF11,(09/25/13 11:12:00),3.56E-11,2.33E-11,2.80E-11,2.89E-11,7.24E-09,0.0015,1,Recm,3.3.2.1.0,1,0,0.053701963,4.759413224,0.001751591,Unclassified,
305,321,2_2_2 Recm Oct 2_13.raw,2562.6,235.5209908,128053.25,c23:0,(10/03/13 12:09:00),3.33E-11,2.18E-11,2.62E-11,2.71E-11,6.77E-09,0.0052,1,Recm,1.1.1.1.1,1,1,0.017836055,1.284666982,0.003747408,Plant,
432,592,2_2_2 Recm Oct 2_13.raw,2595.3,-67.02233686,172789.75,UF12,(10/03/13 12:09:00),4.49E-11,2.94E-11,3.54E-11,3.66E-11,9.14E-09,0.0052,1,Recm,1.1.1.1.1,1,1,0.01823501,1.739308622,0,Unclassified,
46,46,2_2_2 Recm Oct 2_13.raw,2671.3,149.4581723,657148.5,c24:0,(10/03/13 12:09:00),1.71E-10,1.12E-10,1.35E-10,1.39E-10,3.48E-08,0.0052,1,Recm,1.1.1.1.1,1,1,0.085237208,6.598997022,0.011095306,Plant,
85,98,2_1_4_Recm Sep 23_13.raw,1157.8,266.0040119,1122000.625,c16:0,(09/25/13 09:01:00),2.48E-10,1.62E-10,1.96E-10,2.38E-10,5.94E-08,0.004,1,Recm,2.1.4.0.1,0,1,0.29210435,20.22358056,0.068012874,Total Biomass,
851,98,2_1_4_Recm Sep 23_13.raw,1157.8,-19.84576919,157956.25,UF6,(09/25/13 09:01:00),2.48E-10,1.62E-10,1.96E-10,3.34E-11,8.36E-09,0.004,1,Recm,2.1.4.0.1,0,1,0.03968557,3.59730565,0.000359222,Unclassified,
852,98,2_1_4_Recm Sep 23_13.raw,1157.8,28.85494781,152887.75,UF8,(09/25/13 09:01:00),2.48E-10,1.62E-10,1.96E-10,3.24E-11,8.09E-09,0.004,1,Recm,2.1.4.0.1,0,1,0.037313535,3.230603479,0.001924962,Unclassified,
853,98,2_1_4_Recm Sep 23_13.raw,1157.8,101.5634326,5038205.125,c18:2w6,(09/25/13 09:01:00),2.48E-10,1.62E-10,1.96E-10,1.07E-09,2.67E-07,0.004,1,Recm,2.1.4.0.1,0,1,1.109144086,88.76072007,0.140903317,Fungi,
854,98,2_1_4_Recm Sep 23_13.raw,1157.8,91.70970943,1011620.063,c18:1w9,(09/25/13 09:01:00),2.48E-10,1.62E-10,1.96E-10,2.14E-10,5.35E-08,0.004,1,Recm,2.1.4.0.1,0,1,0.226089463,18.39741832,0.024980875,Fungi,
855,98,2_1_4_Recm Sep 23_13.raw,1157.8,-35.80133137,122789.5,c20:3w3,(09/25/13 09:01:00),2.48E-10,1.62E-10,1.96E-10,2.60E-11,6.49E-09,0.004,1,Recm,2.1.4.0.1,0,1,0.043508804,4.015619052,0,General Eukaryotes,
856,98,2_1_4_Recm Sep 23_13.raw,1157.8,398.2634323,81265.75,c22:0,(09/25/13 09:01:00),2.48E-10,1.62E-10,1.96E-10,1.72E-11,4.30E-09,0.004,1,Recm,2.1.4.0.1,0,1,0.041558066,2.644893703,0.01172145,Plant,
857,98,2_1_4_Recm Sep 23_13.raw,1157.8,-17.76132117,116139.375,UF11,(09/25/13 09:01:00),2.48E-10,1.62E-10,1.96E-10,2.46E-11,6.15E-09,0.004,1,Recm,2.1.4.0.1,0,1,0.029059065,2.623676054,0.000426752,Unclassified,
858,98,2_1_4_Recm Sep 23_13.raw,1157.8,55.52608927,107762.375,c24:0,(09/25/13 09:01:00),2.48E-10,1.62E-10,1.96E-10,2.28E-11,5.70E-09,0.004,1,Recm,2.1.4.0.1,0,1,0.028149844,2.348139692,0.001791907,Plant,
